Date,Price
2017-04-28 11:00:00,123.715
2017-04-28 11:00:01,123.705
2017-04-28 11:00:03,123.705
2017-04-28 11:00:04,123.705
2017-04-28 11:00:05,123.695
2017-04-28 11:00:06,123.685
2017-04-28 11:00:07,123.685
2017-04-28 11:00:08,123.685
2017-04-28 11:00:09,123.685
2017-04-28 11:00:11,123.675
2017-04-28 11:00:13,123.67
2017-04-28 11:00:15,123.67
2017-04-28 11:00:18,123.665
2017-04-28 11:00:26,123.67
2017-04-28 11:00:29,123.67
2017-04-28 11:00:30,123.67
2017-04-28 11:00:31,123.67
2017-04-28 11:00:32,123.67
2017-04-28 11:00:33,123.67
2017-04-28 11:00:38,123.67
2017-04-28 11:00:41,123.66
2017-04-28 11:00:42,123.66
2017-04-28 11:00:43,123.66
2017-04-28 11:00:46,123.665
2017-04-28 11:00:47,123.665
2017-04-28 11:00:49,123.675
2017-04-28 11:00:51,123.675
2017-04-28 11:00:53,123.66
2017-04-28 11:00:54,123.665
2017-04-28 11:00:55,123.665
2017-04-28 11:00:57,123.655
2017-04-28 11:00:58,123.655
2017-04-28 11:01:01,123.655
2017-04-28 11:01:02,123.665
2017-04-28 11:01:04,123.665
2017-04-28 11:01:05,123.665
2017-04-28 11:01:06,123.665
2017-04-28 11:01:14,123.665
2017-04-28 11:01:15,123.665
2017-04-28 11:01:17,123.665
2017-04-28 11:01:19,123.665
2017-04-28 11:01:20,123.645
2017-04-28 11:01:21,123.645
2017-04-28 11:01:25,123.64
2017-04-28 11:01:29,123.635
2017-04-28 11:01:31,123.645
2017-04-28 11:01:33,123.645
2017-04-28 11:01:35,123.645
2017-04-28 11:01:36,123.635
2017-04-28 11:01:37,123.635
2017-04-28 11:01:39,123.645
2017-04-28 11:01:41,123.645
2017-04-28 11:01:42,123.645
2017-04-28 11:01:45,123.645
2017-04-28 11:01:51,123.645
2017-04-28 11:01:52,123.635
2017-04-28 11:01:56,123.645
2017-04-28 11:01:57,123.645
2017-04-28 11:02:00,123.645
2017-04-28 11:02:02,123.64
2017-04-28 11:02:03,123.635
2017-04-28 11:02:04,123.64
2017-04-28 11:02:05,123.64
2017-04-28 11:02:06,123.64
2017-04-28 11:02:07,123.64
2017-04-28 11:02:09,123.64
2017-04-28 11:02:10,123.645
2017-04-28 11:02:11,123.645
2017-04-28 11:02:12,123.645
2017-04-28 11:02:13,123.645
2017-04-28 11:02:15,123.635
2017-04-28 11:02:16,123.635
2017-04-28 11:02:18,123.645
2017-04-28 11:02:19,123.645
2017-04-28 11:02:22,123.645
2017-04-28 11:02:25,123.645
2017-04-28 11:02:33,123.645
2017-04-28 11:02:34,123.645
2017-04-28 11:02:35,123.645
2017-04-28 11:02:36,123.645
2017-04-28 11:02:42,123.645
2017-04-28 11:02:44,123.64
2017-04-28 11:02:45,123.64
2017-04-28 11:02:47,123.635
2017-04-28 11:02:48,123.635
2017-04-28 11:02:49,123.635
2017-04-28 11:02:50,123.635
2017-04-28 11:02:51,123.625
2017-04-28 11:02:52,123.625
2017-04-28 11:02:53,123.625
2017-04-28 11:02:54,123.625
2017-04-28 11:02:56,123.625
2017-04-28 11:02:58,123.625
2017-04-28 11:02:59,123.625
2017-04-28 11:03:01,123.625
2017-04-28 11:03:02,123.625
2017-04-28 11:03:04,123.625
2017-04-28 11:03:07,123.625
2017-04-28 11:03:08,123.625
2017-04-28 11:03:12,123.625
2017-04-28 11:03:16,123.635
2017-04-28 11:03:20,123.635
2017-04-28 11:03:22,123.635
2017-04-28 11:03:23,123.635
2017-04-28 11:03:24,123.635
2017-04-28 11:03:25,123.63
2017-04-28 11:03:27,123.625
2017-04-28 11:03:28,123.625
2017-04-28 11:03:29,123.615
2017-04-28 11:03:30,123.615
2017-04-28 11:03:32,123.625
2017-04-28 11:03:33,123.625
2017-04-28 11:03:34,123.625
2017-04-28 11:03:36,123.63
2017-04-28 11:03:38,123.625
2017-04-28 11:03:40,123.625
2017-04-28 11:03:41,123.605
2017-04-28 11:03:42,123.605
2017-04-28 11:03:45,123.605
2017-04-28 11:03:48,123.605
2017-04-28 11:03:52,123.605
2017-04-28 11:03:53,123.605
2017-04-28 11:03:55,123.605
2017-04-28 11:03:58,123.595
2017-04-28 11:04:02,123.595
2017-04-28 11:04:03,123.595
2017-04-28 11:04:04,123.595
2017-04-28 11:04:07,123.595
2017-04-28 11:04:08,123.595
2017-04-28 11:04:10,123.595
2017-04-28 11:04:14,123.605
2017-04-28 11:04:16,123.605
2017-04-28 11:04:17,123.605
2017-04-28 11:04:18,123.595
2017-04-28 11:04:19,123.595
2017-04-28 11:04:22,123.595
2017-04-28 11:04:27,123.595
2017-04-28 11:04:31,123.595
2017-04-28 11:04:36,123.595
2017-04-28 11:04:39,123.605
2017-04-28 11:04:40,123.605
2017-04-28 11:04:43,123.605
2017-04-28 11:04:44,123.605
2017-04-28 11:04:45,123.595
2017-04-28 11:04:48,123.595
2017-04-28 11:04:52,123.595
2017-04-28 11:04:53,123.605
2017-04-28 11:04:55,123.605
2017-04-28 11:04:56,123.61
2017-04-28 11:04:57,123.61
2017-04-28 11:04:58,123.605
2017-04-28 11:04:59,123.61
2017-04-28 11:05:00,123.595
2017-04-28 11:05:01,123.595
2017-04-28 11:05:02,123.595
2017-04-28 11:05:03,123.59
2017-04-28 11:05:04,123.59
2017-04-28 11:05:05,123.59
2017-04-28 11:05:09,123.59
2017-04-28 11:05:12,123.59
2017-04-28 11:05:13,123.59
2017-04-28 11:05:14,123.59
2017-04-28 11:05:15,123.59
2017-04-28 11:05:17,123.59
2017-04-28 11:05:22,123.59
2017-04-28 11:05:25,123.59
2017-04-28 11:05:27,123.565
2017-04-28 11:05:28,123.56
2017-04-28 11:05:29,123.565
2017-04-28 11:05:31,123.565
2017-04-28 11:05:32,123.56
2017-04-28 11:05:33,123.575
2017-04-28 11:05:34,123.57
2017-04-28 11:05:36,123.57
2017-04-28 11:05:38,123.57
2017-04-28 11:05:41,123.565
2017-04-28 11:05:43,123.575
2017-04-28 11:05:45,123.575
2017-04-28 11:05:48,123.575
2017-04-28 11:05:50,123.575
2017-04-28 11:05:56,123.565
2017-04-28 11:05:57,123.565
2017-04-28 11:05:58,123.565
2017-04-28 11:06:00,123.565
2017-04-28 11:06:01,123.575
2017-04-28 11:06:02,123.57
2017-04-28 11:06:03,123.57
2017-04-28 11:06:07,123.57
2017-04-28 11:06:08,123.57
2017-04-28 11:06:09,123.57
2017-04-28 11:06:10,123.57
2017-04-28 11:06:19,123.55
2017-04-28 11:06:23,123.55
2017-04-28 11:06:25,123.55
2017-04-28 11:06:26,123.55
2017-04-28 11:06:28,123.56
2017-04-28 11:06:29,123.56
2017-04-28 11:06:30,123.56
2017-04-28 11:06:36,123.56
2017-04-28 11:06:49,123.56
2017-04-28 11:06:52,123.56
2017-04-28 11:06:54,123.56
2017-04-28 11:06:58,123.56
2017-04-28 11:07:01,123.56
2017-04-28 11:07:02,123.56
2017-04-28 11:07:05,123.56
2017-04-28 11:07:08,123.565
2017-04-28 11:07:09,123.565
2017-04-28 11:07:10,123.555
2017-04-28 11:07:11,123.555
2017-04-28 11:07:12,123.555
2017-04-28 11:07:13,123.545
2017-04-28 11:07:14,123.555
2017-04-28 11:07:15,123.555
2017-04-28 11:07:16,123.555
2017-04-28 11:07:17,123.545
2017-04-28 11:07:19,123.545
2017-04-28 11:07:22,123.545
2017-04-28 11:07:23,123.545
2017-04-28 11:07:24,123.545
2017-04-28 11:07:27,123.535
2017-04-28 11:07:29,123.535
2017-04-28 11:07:30,123.54
2017-04-28 11:07:31,123.545
2017-04-28 11:07:32,123.545
2017-04-28 11:07:35,123.555
2017-04-28 11:07:36,123.555
2017-04-28 11:07:37,123.555
2017-04-28 11:07:38,123.55
2017-04-28 11:07:42,123.545
2017-04-28 11:07:44,123.555
2017-04-28 11:07:47,123.555
2017-04-28 11:07:49,123.545
2017-04-28 11:07:51,123.545
2017-04-28 11:07:52,123.545
2017-04-28 11:07:53,123.545
2017-04-28 11:07:56,123.535
2017-04-28 11:07:59,123.54
2017-04-28 11:08:00,123.535
2017-04-28 11:08:02,123.54
2017-04-28 11:08:04,123.54
2017-04-28 11:08:06,123.535
2017-04-28 11:08:07,123.535
2017-04-28 11:08:08,123.525
2017-04-28 11:08:09,123.54
2017-04-28 11:08:10,123.54
2017-04-28 11:08:11,123.525
2017-04-28 11:08:12,123.53
2017-04-28 11:08:14,123.53
2017-04-28 11:08:17,123.53
2017-04-28 11:08:18,123.53
2017-04-28 11:08:19,123.53
2017-04-28 11:08:20,123.53
2017-04-28 11:08:23,123.53
2017-04-28 11:08:27,123.53
2017-04-28 11:08:28,123.53
2017-04-28 11:08:29,123.53
2017-04-28 11:08:30,123.53
2017-04-28 11:08:31,123.53
2017-04-28 11:08:34,123.53
2017-04-28 11:08:35,123.53
2017-04-28 11:08:36,123.515
2017-04-28 11:08:37,123.52
2017-04-28 11:08:40,123.525
2017-04-28 11:08:43,123.525
2017-04-28 11:08:44,123.525
2017-04-28 11:08:45,123.53
2017-04-28 11:08:46,123.53
2017-04-28 11:08:47,123.53
2017-04-28 11:08:51,123.53
2017-04-28 11:08:52,123.53
2017-04-28 11:08:53,123.54
2017-04-28 11:08:55,123.54
2017-04-28 11:09:04,123.54
2017-04-28 11:09:05,123.54
2017-04-28 11:09:06,123.54
2017-04-28 11:09:07,123.54
2017-04-28 11:09:08,123.54
2017-04-28 11:09:10,123.555
2017-04-28 11:09:11,123.555
2017-04-28 11:09:12,123.555
2017-04-28 11:09:13,123.565
2017-04-28 11:09:18,123.565
2017-04-28 11:09:19,123.575
2017-04-28 11:09:20,123.575
2017-04-28 11:09:21,123.58
2017-04-28 11:09:22,123.58
2017-04-28 11:09:24,123.58
2017-04-28 11:09:25,123.575
2017-04-28 11:09:26,123.575
2017-04-28 11:09:27,123.58
2017-04-28 11:09:28,123.58
2017-04-28 11:09:29,123.58
2017-04-28 11:09:30,123.58
2017-04-28 11:09:33,123.58
2017-04-28 11:09:36,123.58
2017-04-28 11:09:37,123.575
2017-04-28 11:09:38,123.58
2017-04-28 11:09:40,123.58
2017-04-28 11:09:42,123.575
2017-04-28 11:09:43,123.575
2017-04-28 11:09:49,123.575
2017-04-28 11:09:53,123.575
2017-04-28 11:09:54,123.575
2017-04-28 11:09:57,123.575
2017-04-28 11:09:59,123.575
2017-04-28 11:10:00,123.575
2017-04-28 11:10:08,123.575
2017-04-28 11:10:09,123.575
2017-04-28 11:10:17,123.575
2017-04-28 11:10:18,123.585
2017-04-28 11:10:19,123.585
2017-04-28 11:10:21,123.585
2017-04-28 11:10:22,123.585
2017-04-28 11:10:23,123.585
2017-04-28 11:10:24,123.585
2017-04-28 11:10:25,123.585
2017-04-28 11:10:26,123.585
2017-04-28 11:10:30,123.585
2017-04-28 11:10:32,123.575
2017-04-28 11:10:33,123.575
2017-04-28 11:10:35,123.56
2017-04-28 11:10:37,123.555
2017-04-28 11:10:38,123.54
2017-04-28 11:10:39,123.535
2017-04-28 11:10:40,123.535
2017-04-28 11:10:41,123.535
2017-04-28 11:10:45,123.535
2017-04-28 11:10:46,123.51
2017-04-28 11:10:47,123.515
2017-04-28 11:10:48,123.515
2017-04-28 11:10:49,123.52
2017-04-28 11:10:52,123.52
2017-04-28 11:10:57,123.52
2017-04-28 11:10:58,123.52
2017-04-28 11:10:59,123.52
2017-04-28 11:11:00,123.52
2017-04-28 11:11:01,123.515
2017-04-28 11:11:02,123.515
2017-04-28 11:11:06,123.535
2017-04-28 11:11:09,123.525
2017-04-28 11:11:11,123.525
2017-04-28 11:11:14,123.525
2017-04-28 11:11:17,123.52
2017-04-28 11:11:18,123.52
2017-04-28 11:11:19,123.52
2017-04-28 11:11:22,123.52
2017-04-28 11:11:23,123.52
2017-04-28 11:11:24,123.52
2017-04-28 11:11:25,123.52
2017-04-28 11:11:29,123.52
2017-04-28 11:11:31,123.525
2017-04-28 11:11:32,123.525
2017-04-28 11:11:34,123.525
2017-04-28 11:11:36,123.525
2017-04-28 11:11:40,123.525
2017-04-28 11:11:41,123.525
2017-04-28 11:11:44,123.525
2017-04-28 11:11:47,123.525
2017-04-28 11:11:51,123.525
2017-04-28 11:11:53,123.525
2017-04-28 11:12:02,123.525
2017-04-28 11:12:03,123.52
2017-04-28 11:12:06,123.52
2017-04-28 11:12:08,123.515
2017-04-28 11:12:09,123.515
2017-04-28 11:12:10,123.515
2017-04-28 11:12:11,123.515
2017-04-28 11:12:12,123.515
2017-04-28 11:12:13,123.515
2017-04-28 11:12:16,123.515
2017-04-28 11:12:17,123.515
2017-04-28 11:12:20,123.515
2017-04-28 11:12:23,123.515
2017-04-28 11:12:31,123.515
2017-04-28 11:12:32,123.515
2017-04-28 11:12:38,123.515
2017-04-28 11:12:39,123.505
2017-04-28 11:12:41,123.505
2017-04-28 11:12:42,123.515
2017-04-28 11:12:43,123.515
2017-04-28 11:12:44,123.515
2017-04-28 11:12:45,123.515
2017-04-28 11:12:48,123.525
2017-04-28 11:12:49,123.525
2017-04-28 11:12:51,123.525
2017-04-28 11:12:54,123.535
2017-04-28 11:12:55,123.535
2017-04-28 11:12:59,123.535
2017-04-28 11:13:01,123.535
2017-04-28 11:13:02,123.535
2017-04-28 11:13:04,123.535
2017-04-28 11:13:05,123.535
2017-04-28 11:13:07,123.535
2017-04-28 11:13:08,123.535
2017-04-28 11:13:09,123.515
2017-04-28 11:13:10,123.515
2017-04-28 11:13:11,123.515
2017-04-28 11:13:14,123.505
2017-04-28 11:13:15,123.505
2017-04-28 11:13:17,123.505
2017-04-28 11:13:18,123.505
2017-04-28 11:13:19,123.505
2017-04-28 11:13:20,123.505
2017-04-28 11:13:21,123.505
2017-04-28 11:13:23,123.505
2017-04-28 11:13:24,123.435
2017-04-28 11:13:25,123.435
2017-04-28 11:13:26,123.435
2017-04-28 11:13:27,123.435
2017-04-28 11:13:28,123.435
2017-04-28 11:13:30,123.425
2017-04-28 11:13:31,123.425
2017-04-28 11:13:32,123.425
2017-04-28 11:13:34,123.42
2017-04-28 11:13:35,123.42
2017-04-28 11:13:36,123.42
2017-04-28 11:13:37,123.435
2017-04-28 11:13:38,123.43
2017-04-28 11:13:39,123.43
2017-04-28 11:13:41,123.425
2017-04-28 11:13:47,123.425
2017-04-28 11:13:48,123.425
2017-04-28 11:13:49,123.425
2017-04-28 11:13:50,123.425
2017-04-28 11:13:51,123.445
2017-04-28 11:13:52,123.45
2017-04-28 11:13:53,123.45
2017-04-28 11:13:56,123.45
2017-04-28 11:13:58,123.45
2017-04-28 11:14:00,123.45
2017-04-28 11:14:01,123.45
2017-04-28 11:14:07,123.45
2017-04-28 11:14:13,123.45
2017-04-28 11:14:18,123.45
2017-04-28 11:14:20,123.45
2017-04-28 11:14:22,123.42
2017-04-28 11:14:23,123.43
2017-04-28 11:14:26,123.43
2017-04-28 11:14:29,123.43
2017-04-28 11:14:32,123.445
2017-04-28 11:14:35,123.445
2017-04-28 11:14:36,123.445
2017-04-28 11:14:38,123.445
2017-04-28 11:14:39,123.445
2017-04-28 11:14:43,123.445
2017-04-28 11:14:45,123.445
2017-04-28 11:14:47,123.445
2017-04-28 11:14:48,123.445
2017-04-28 11:14:49,123.445
2017-04-28 11:14:50,123.445
2017-04-28 11:14:51,123.445
2017-04-28 11:14:53,123.445
2017-04-28 11:14:55,123.445
2017-04-28 11:14:58,123.445
2017-04-28 11:15:00,123.445
2017-04-28 11:15:02,123.445
2017-04-28 11:15:03,123.445
2017-04-28 11:15:06,123.445
2017-04-28 11:15:10,123.44
2017-04-28 11:15:11,123.445
2017-04-28 11:15:13,123.445
2017-04-28 11:15:14,123.445
2017-04-28 11:15:16,123.445
2017-04-28 11:15:18,123.445
2017-04-28 11:15:20,123.445
2017-04-28 11:15:24,123.435
2017-04-28 11:15:25,123.435
2017-04-28 11:15:26,123.435
2017-04-28 11:15:27,123.435
2017-04-28 11:15:31,123.435
2017-04-28 11:15:33,123.435
2017-04-28 11:15:34,123.435
2017-04-28 11:15:35,123.435
2017-04-28 11:15:40,123.415
2017-04-28 11:15:42,123.415
2017-04-28 11:15:43,123.4
2017-04-28 11:15:44,123.405
2017-04-28 11:15:45,123.405
2017-04-28 11:15:46,123.405
2017-04-28 11:15:47,123.405
2017-04-28 11:15:48,123.415
2017-04-28 11:15:51,123.415
2017-04-28 11:15:54,123.415
2017-04-28 11:15:55,123.415
2017-04-28 11:15:56,123.415
2017-04-28 11:15:58,123.4
2017-04-28 11:15:59,123.4
2017-04-28 11:16:06,123.405
2017-04-28 11:16:11,123.395
2017-04-28 11:16:13,123.395
2017-04-28 11:16:14,123.385
2017-04-28 11:16:18,123.385
2017-04-28 11:16:24,123.385
2017-04-28 11:16:25,123.385
2017-04-28 11:16:26,123.385
2017-04-28 11:16:35,123.385
2017-04-28 11:16:38,123.375
2017-04-28 11:16:40,123.375
2017-04-28 11:16:41,123.375
2017-04-28 11:16:44,123.375
2017-04-28 11:16:46,123.375
2017-04-28 11:16:47,123.385
2017-04-28 11:16:48,123.385
2017-04-28 11:16:50,123.385
2017-04-28 11:16:54,123.375
2017-04-28 11:16:55,123.38
2017-04-28 11:17:01,123.38
2017-04-28 11:17:02,123.37
2017-04-28 11:17:05,123.37
2017-04-28 11:17:08,123.375
2017-04-28 11:17:09,123.375
2017-04-28 11:17:10,123.375
2017-04-28 11:17:11,123.375
2017-04-28 11:17:14,123.375
2017-04-28 11:17:20,123.375
2017-04-28 11:17:21,123.375
2017-04-28 11:17:23,123.37
2017-04-28 11:17:24,123.37
2017-04-28 11:17:28,123.375
2017-04-28 11:17:29,123.385
2017-04-28 11:17:30,123.385
2017-04-28 11:17:31,123.39
2017-04-28 11:17:37,123.395
2017-04-28 11:17:38,123.395
2017-04-28 11:17:42,123.395
2017-04-28 11:17:47,123.395
2017-04-28 11:17:48,123.405
2017-04-28 11:17:49,123.405
2017-04-28 11:17:52,123.415
2017-04-28 11:17:54,123.415
2017-04-28 11:17:55,123.415
2017-04-28 11:17:57,123.425
2017-04-28 11:17:58,123.435
2017-04-28 11:18:00,123.435
2017-04-28 11:18:01,123.435
2017-04-28 11:18:04,123.415
2017-04-28 11:18:05,123.42
2017-04-28 11:18:06,123.42
2017-04-28 11:18:12,123.42
2017-04-28 11:18:13,123.4
2017-04-28 11:18:14,123.4
2017-04-28 11:18:15,123.38
2017-04-28 11:18:16,123.385
2017-04-28 11:18:17,123.385
2017-04-28 11:18:18,123.39
2017-04-28 11:18:20,123.39
2017-04-28 11:18:23,123.385
2017-04-28 11:18:24,123.385
2017-04-28 11:18:25,123.385
2017-04-28 11:18:27,123.385
2017-04-28 11:18:31,123.375
2017-04-28 11:18:32,123.375
2017-04-28 11:18:33,123.355
2017-04-28 11:18:34,123.355
2017-04-28 11:18:35,123.355
2017-04-28 11:18:37,123.36
2017-04-28 11:18:38,123.36
2017-04-28 11:18:39,123.36
2017-04-28 11:18:40,123.36
2017-04-28 11:18:42,123.36
2017-04-28 11:18:43,123.36
2017-04-28 11:18:47,123.345
2017-04-28 11:18:48,123.345
2017-04-28 11:18:51,123.33
2017-04-28 11:18:52,123.34
2017-04-28 11:18:53,123.33
2017-04-28 11:18:54,123.33
2017-04-28 11:18:55,123.33
2017-04-28 11:18:56,123.33
2017-04-28 11:18:57,123.33
2017-04-28 11:18:59,123.345
2017-04-28 11:19:02,123.355
2017-04-28 11:19:03,123.355
2017-04-28 11:19:05,123.355
2017-04-28 11:19:07,123.355
2017-04-28 11:19:11,123.36
2017-04-28 11:19:12,123.36
2017-04-28 11:19:13,123.36
2017-04-28 11:19:15,123.36
2017-04-28 11:19:16,123.36
2017-04-28 11:19:17,123.36
2017-04-28 11:19:21,123.36
2017-04-28 11:19:22,123.36
2017-04-28 11:19:23,123.36
2017-04-28 11:19:27,123.36
2017-04-28 11:19:29,123.36
2017-04-28 11:19:31,123.36
2017-04-28 11:19:33,123.355
2017-04-28 11:19:34,123.355
2017-04-28 11:19:35,123.355
2017-04-28 11:19:36,123.355
2017-04-28 11:19:37,123.355
2017-04-28 11:19:38,123.355
2017-04-28 11:19:41,123.355
2017-04-28 11:19:42,123.355
2017-04-28 11:19:43,123.355
2017-04-28 11:19:45,123.355
2017-04-28 11:19:57,123.355
2017-04-28 11:20:01,123.365
2017-04-28 11:20:02,123.365
2017-04-28 11:20:03,123.365
2017-04-28 11:20:04,123.365
2017-04-28 11:20:05,123.365
2017-04-28 11:20:08,123.365
2017-04-28 11:20:13,123.365
2017-04-28 11:20:15,123.375
2017-04-28 11:20:16,123.385
2017-04-28 11:20:17,123.4
2017-04-28 11:20:18,123.4
2017-04-28 11:20:19,123.4
2017-04-28 11:20:21,123.395
2017-04-28 11:20:22,123.395
2017-04-28 11:20:23,123.395
2017-04-28 11:20:24,123.38
2017-04-28 11:20:25,123.385
2017-04-28 11:20:26,123.39
2017-04-28 11:20:27,123.39
2017-04-28 11:20:28,123.39
2017-04-28 11:20:34,123.39
2017-04-28 11:20:35,123.395
2017-04-28 11:20:38,123.38
2017-04-28 11:20:39,123.38
2017-04-28 11:20:41,123.38
2017-04-28 11:20:53,123.38
2017-04-28 11:20:55,123.38
2017-04-28 11:20:56,123.38
2017-04-28 11:20:59,123.38
2017-04-28 11:21:00,123.38
2017-04-28 11:21:01,123.38
2017-04-28 11:21:02,123.38
2017-04-28 11:21:04,123.38
2017-04-28 11:21:10,123.38
2017-04-28 11:21:16,123.38
2017-04-28 11:21:17,123.355
2017-04-28 11:21:18,123.35
2017-04-28 11:21:20,123.355
2017-04-28 11:21:23,123.365
2017-04-28 11:21:24,123.365
2017-04-28 11:21:31,123.365
2017-04-28 11:21:40,123.375
2017-04-28 11:21:41,123.375
2017-04-28 11:21:42,123.375
2017-04-28 11:21:43,123.375
2017-04-28 11:21:44,123.365
2017-04-28 11:21:46,123.365
2017-04-28 11:21:51,123.365
2017-04-28 11:21:52,123.35
2017-04-28 11:21:54,123.35
2017-04-28 11:21:59,123.355
2017-04-28 11:22:00,123.355
2017-04-28 11:22:01,123.35
2017-04-28 11:22:02,123.355
2017-04-28 11:22:10,123.345
2017-04-28 11:22:12,123.355
2017-04-28 11:22:15,123.355
2017-04-28 11:22:19,123.355
2017-04-28 11:22:21,123.375
2017-04-28 11:22:22,123.375
2017-04-28 11:22:23,123.385
2017-04-28 11:22:24,123.38
2017-04-28 11:22:25,123.38
2017-04-28 11:22:26,123.375
2017-04-28 11:22:28,123.375
2017-04-28 11:22:31,123.375
2017-04-28 11:22:32,123.375
2017-04-28 11:22:33,123.375
2017-04-28 11:22:36,123.365
2017-04-28 11:22:38,123.36
2017-04-28 11:22:39,123.355
2017-04-28 11:22:40,123.355
2017-04-28 11:22:42,123.355
2017-04-28 11:22:43,123.355
2017-04-28 11:22:48,123.365
2017-04-28 11:22:49,123.365
2017-04-28 11:22:51,123.365
2017-04-28 11:22:53,123.365
2017-04-28 11:22:54,123.365
2017-04-28 11:22:55,123.365
2017-04-28 11:22:57,123.365
2017-04-28 11:22:59,123.365
2017-04-28 11:23:06,123.365
2017-04-28 11:23:07,123.365
2017-04-28 11:23:08,123.365
2017-04-28 11:23:09,123.365
2017-04-28 11:23:10,123.365
2017-04-28 11:23:11,123.365
2017-04-28 11:23:15,123.375
2017-04-28 11:23:19,123.385
2017-04-28 11:23:20,123.38
2017-04-28 11:23:21,123.38
2017-04-28 11:23:27,123.375
2017-04-28 11:23:28,123.385
2017-04-28 11:23:30,123.395
2017-04-28 11:23:43,123.395
2017-04-28 11:23:44,123.405
2017-04-28 11:23:45,123.415
2017-04-28 11:23:46,123.415
2017-04-28 11:23:47,123.415
2017-04-28 11:23:51,123.415
2017-04-28 11:23:54,123.42
2017-04-28 11:23:55,123.42
2017-04-28 11:23:57,123.405
2017-04-28 11:23:58,123.42
2017-04-28 11:23:59,123.41
2017-04-28 11:24:00,123.415
2017-04-28 11:24:02,123.415
2017-04-28 11:24:03,123.415
2017-04-28 11:24:05,123.41
2017-04-28 11:24:06,123.41
2017-04-28 11:24:08,123.4
2017-04-28 11:24:10,123.405
2017-04-28 11:24:11,123.405
2017-04-28 11:24:13,123.41
2017-04-28 11:24:14,123.41
2017-04-28 11:24:15,123.41
2017-04-28 11:24:16,123.41
2017-04-28 11:24:17,123.415
2017-04-28 11:24:18,123.425
2017-04-28 11:24:19,123.425
2017-04-28 11:24:25,123.42
2017-04-28 11:24:27,123.415
2017-04-28 11:24:29,123.42
2017-04-28 11:24:30,123.425
2017-04-28 11:24:31,123.42
2017-04-28 11:24:32,123.42
2017-04-28 11:24:33,123.42
2017-04-28 11:24:35,123.42
2017-04-28 11:24:38,123.405
2017-04-28 11:24:40,123.405
2017-04-28 11:24:41,123.385
2017-04-28 11:24:42,123.4
2017-04-28 11:24:43,123.4
2017-04-28 11:24:44,123.4
2017-04-28 11:24:46,123.4
2017-04-28 11:24:51,123.405
2017-04-28 11:24:52,123.4
2017-04-28 11:24:54,123.405
2017-04-28 11:24:55,123.405
2017-04-28 11:24:57,123.405
2017-04-28 11:24:58,123.405
2017-04-28 11:24:59,123.405
2017-04-28 11:25:02,123.42
2017-04-28 11:25:03,123.42
2017-04-28 11:25:04,123.42
2017-04-28 11:25:05,123.42
2017-04-28 11:25:06,123.425
2017-04-28 11:25:08,123.425
2017-04-28 11:25:09,123.425
2017-04-28 11:25:11,123.425
2017-04-28 11:25:12,123.415
2017-04-28 11:25:13,123.415
2017-04-28 11:25:14,123.415
2017-04-28 11:25:15,123.415
2017-04-28 11:25:17,123.415
2017-04-28 11:25:19,123.415
2017-04-28 11:25:20,123.415
2017-04-28 11:25:23,123.42
2017-04-28 11:25:24,123.42
2017-04-28 11:25:25,123.425
2017-04-28 11:25:26,123.425
2017-04-28 11:25:28,123.425
2017-04-28 11:25:30,123.425
2017-04-28 11:25:32,123.425
2017-04-28 11:25:34,123.425
2017-04-28 11:25:35,123.425
2017-04-28 11:25:36,123.425
2017-04-28 11:25:37,123.44
2017-04-28 11:25:38,123.44
2017-04-28 11:25:39,123.44
2017-04-28 11:25:40,123.44
2017-04-28 11:25:41,123.44
2017-04-28 11:25:42,123.445
2017-04-28 11:25:43,123.445
2017-04-28 11:25:44,123.445
2017-04-28 11:25:45,123.445
2017-04-28 11:25:46,123.445
2017-04-28 11:25:47,123.445
2017-04-28 11:25:48,123.455
2017-04-28 11:25:50,123.44
2017-04-28 11:25:51,123.44
2017-04-28 11:25:52,123.435
2017-04-28 11:25:53,123.435
2017-04-28 11:25:54,123.43
2017-04-28 11:25:56,123.43
2017-04-28 11:25:57,123.43
2017-04-28 11:25:58,123.43
2017-04-28 11:26:01,123.43
2017-04-28 11:26:02,123.43
2017-04-28 11:26:06,123.43
2017-04-28 11:26:07,123.43
2017-04-28 11:26:14,123.43
2017-04-28 11:26:15,123.43
2017-04-28 11:26:16,123.43
2017-04-28 11:26:17,123.43
2017-04-28 11:26:18,123.43
2017-04-28 11:26:20,123.43
2017-04-28 11:26:24,123.43
2017-04-28 11:26:25,123.435
2017-04-28 11:26:30,123.445
2017-04-28 11:26:31,123.445
2017-04-28 11:26:32,123.445
2017-04-28 11:26:34,123.445
2017-04-28 11:26:36,123.445
2017-04-28 11:26:37,123.445
2017-04-28 11:26:38,123.445
2017-04-28 11:26:47,123.435
2017-04-28 11:26:50,123.435
2017-04-28 11:26:52,123.425
2017-04-28 11:26:54,123.425
2017-04-28 11:26:58,123.425
2017-04-28 11:27:07,123.42
2017-04-28 11:27:08,123.41
2017-04-28 11:27:09,123.41
2017-04-28 11:27:14,123.41
2017-04-28 11:27:17,123.41
2017-04-28 11:27:18,123.41
2017-04-28 11:27:20,123.41
2017-04-28 11:27:21,123.41
2017-04-28 11:27:22,123.415
2017-04-28 11:27:24,123.41
2017-04-28 11:27:26,123.41
2017-04-28 11:27:29,123.41
2017-04-28 11:27:30,123.41
2017-04-28 11:27:31,123.41
2017-04-28 11:27:32,123.41
2017-04-28 11:27:38,123.41
2017-04-28 11:27:40,123.395
2017-04-28 11:27:41,123.395
2017-04-28 11:27:44,123.395
2017-04-28 11:27:45,123.395
2017-04-28 11:27:46,123.395
2017-04-28 11:27:50,123.395
2017-04-28 11:27:51,123.4
2017-04-28 11:27:52,123.4
2017-04-28 11:27:53,123.4
2017-04-28 11:27:54,123.4
2017-04-28 11:27:57,123.4
2017-04-28 11:28:00,123.4
2017-04-28 11:28:02,123.4
2017-04-28 11:28:03,123.4
2017-04-28 11:28:12,123.4
2017-04-28 11:28:14,123.4
2017-04-28 11:28:15,123.395
2017-04-28 11:28:17,123.395
2017-04-28 11:28:18,123.395
2017-04-28 11:28:19,123.395
2017-04-28 11:28:20,123.38
2017-04-28 11:28:21,123.38
2017-04-28 11:28:22,123.38
2017-04-28 11:28:23,123.38
2017-04-28 11:28:24,123.385
2017-04-28 11:28:26,123.385
2017-04-28 11:28:27,123.385
2017-04-28 11:28:29,123.385
2017-04-28 11:28:30,123.385
2017-04-28 11:28:33,123.385
2017-04-28 11:28:34,123.39
2017-04-28 11:28:35,123.39
2017-04-28 11:28:36,123.385
2017-04-28 11:28:37,123.385
2017-04-28 11:28:39,123.385
2017-04-28 11:28:40,123.385
2017-04-28 11:28:42,123.385
2017-04-28 11:28:44,123.395
2017-04-28 11:28:45,123.39
2017-04-28 11:28:47,123.395
2017-04-28 11:28:48,123.39
2017-04-28 11:28:49,123.39
2017-04-28 11:28:51,123.385
2017-04-28 11:28:52,123.385
2017-04-28 11:28:59,123.38
2017-04-28 11:29:00,123.375
2017-04-28 11:29:01,123.38
2017-04-28 11:29:02,123.38
2017-04-28 11:29:07,123.38
2017-04-28 11:29:08,123.375
2017-04-28 11:29:09,123.375
2017-04-28 11:29:10,123.375
2017-04-28 11:29:13,123.375
2017-04-28 11:29:15,123.36
2017-04-28 11:29:16,123.365
2017-04-28 11:29:19,123.365
2017-04-28 11:29:20,123.365
2017-04-28 11:29:21,123.365
2017-04-28 11:29:22,123.375
2017-04-28 11:29:23,123.375
2017-04-28 11:29:24,123.37
2017-04-28 11:29:25,123.375
2017-04-28 11:29:27,123.375
2017-04-28 11:29:28,123.375
2017-04-28 11:29:38,123.375
2017-04-28 11:29:39,123.375
2017-04-28 11:29:40,123.375
2017-04-28 11:29:41,123.365
2017-04-28 11:29:42,123.365
2017-04-28 11:29:43,123.365
2017-04-28 11:29:44,123.365
2017-04-28 11:29:45,123.365
2017-04-28 11:29:46,123.365
2017-04-28 11:29:48,123.365
2017-04-28 11:29:49,123.365
2017-04-28 11:29:50,123.365
2017-04-28 11:29:51,123.37
2017-04-28 11:29:52,123.37
2017-04-28 11:29:53,123.37
2017-04-28 11:29:54,123.37
2017-04-28 11:30:00,123.355
2017-04-28 11:30:01,123.355
2017-04-28 11:30:02,123.355
2017-04-28 11:30:03,123.355
2017-04-28 11:30:04,123.355
2017-04-28 11:30:15,123.375
2017-04-28 11:30:17,123.375
2017-04-28 11:30:18,123.375
2017-04-28 11:30:19,123.375
2017-04-28 11:30:20,123.375
2017-04-28 11:30:25,123.375
2017-04-28 11:30:27,123.375
2017-04-28 11:30:30,123.375
2017-04-28 11:30:31,123.375
2017-04-28 11:30:33,123.375
2017-04-28 11:30:38,123.375
2017-04-28 11:30:44,123.375
2017-04-28 11:30:45,123.385
2017-04-28 11:30:46,123.385
2017-04-28 11:30:49,123.37
2017-04-28 11:30:52,123.37
2017-04-28 11:30:55,123.37
2017-04-28 11:31:02,123.37
2017-04-28 11:31:03,123.37
2017-04-28 11:31:04,123.37
2017-04-28 11:31:05,123.355
2017-04-28 11:31:06,123.355
2017-04-28 11:31:07,123.37
2017-04-28 11:31:08,123.37
2017-04-28 11:31:09,123.37
2017-04-28 11:31:10,123.37
2017-04-28 11:31:12,123.37
2017-04-28 11:31:13,123.37
2017-04-28 11:31:14,123.355
2017-04-28 11:31:15,123.355
2017-04-28 11:31:16,123.355
2017-04-28 11:31:17,123.355
2017-04-28 11:31:19,123.355
2017-04-28 11:31:20,123.355
2017-04-28 11:31:21,123.36
2017-04-28 11:31:22,123.355
2017-04-28 11:31:23,123.355
2017-04-28 11:31:24,123.355
2017-04-28 11:31:27,123.355
2017-04-28 11:31:28,123.355
2017-04-28 11:31:30,123.355
2017-04-28 11:31:31,123.355
2017-04-28 11:31:33,123.34
2017-04-28 11:31:35,123.345
2017-04-28 11:31:38,123.335
2017-04-28 11:31:40,123.335
2017-04-28 11:31:43,123.335
2017-04-28 11:31:46,123.335
2017-04-28 11:31:47,123.345
2017-04-28 11:31:48,123.355
2017-04-28 11:31:49,123.355
2017-04-28 11:31:52,123.365
2017-04-28 11:31:57,123.365
2017-04-28 11:32:01,123.365
2017-04-28 11:32:02,123.365
2017-04-28 11:32:03,123.365
2017-04-28 11:32:04,123.365
2017-04-28 11:32:07,123.365
2017-04-28 11:32:13,123.365
2017-04-28 11:32:18,123.345
2017-04-28 11:32:19,123.345
2017-04-28 11:32:26,123.355
2017-04-28 11:32:27,123.355
2017-04-28 11:32:28,123.355
2017-04-28 11:32:31,123.34
2017-04-28 11:32:33,123.34
2017-04-28 11:32:40,123.34
2017-04-28 11:32:43,123.34
2017-04-28 11:32:44,123.34
2017-04-28 11:32:50,123.34
2017-04-28 11:32:52,123.34
2017-04-28 11:32:57,123.34
2017-04-28 11:32:59,123.325
2017-04-28 11:33:00,123.325
2017-04-28 11:33:02,123.33
2017-04-28 11:33:03,123.33
2017-04-28 11:33:06,123.33
2017-04-28 11:33:08,123.33
2017-04-28 11:33:14,123.33
2017-04-28 11:33:17,123.315
2017-04-28 11:33:18,123.305
2017-04-28 11:33:19,123.315
2017-04-28 11:33:20,123.315
2017-04-28 11:33:22,123.315
2017-04-28 11:33:23,123.305
2017-04-28 11:33:24,123.305
2017-04-28 11:33:25,123.305
2017-04-28 11:33:26,123.325
2017-04-28 11:33:27,123.335
2017-04-28 11:33:28,123.32
2017-04-28 11:33:29,123.325
2017-04-28 11:33:30,123.33
2017-04-28 11:33:31,123.32
2017-04-28 11:33:32,123.32
2017-04-28 11:33:33,123.32
2017-04-28 11:33:35,123.315
2017-04-28 11:33:36,123.315
2017-04-28 11:33:38,123.33
2017-04-28 11:33:40,123.33
2017-04-28 11:33:41,123.33
2017-04-28 11:33:42,123.315
2017-04-28 11:33:44,123.315
2017-04-28 11:33:46,123.305
2017-04-28 11:33:47,123.315
2017-04-28 11:33:48,123.315
2017-04-28 11:33:51,123.305
2017-04-28 11:33:52,123.31
2017-04-28 11:33:53,123.305
2017-04-28 11:33:54,123.305
2017-04-28 11:33:55,123.305
2017-04-28 11:33:56,123.31
2017-04-28 11:33:57,123.315
2017-04-28 11:33:59,123.315
2017-04-28 11:34:00,123.315
2017-04-28 11:34:01,123.315
2017-04-28 11:34:02,123.325
2017-04-28 11:34:03,123.325
2017-04-28 11:34:04,123.33
2017-04-28 11:34:05,123.335
2017-04-28 11:34:06,123.335
2017-04-28 11:34:07,123.335
2017-04-28 11:34:08,123.335
2017-04-28 11:34:09,123.335
2017-04-28 11:34:10,123.345
2017-04-28 11:34:11,123.345
2017-04-28 11:34:12,123.345
2017-04-28 11:34:13,123.345
2017-04-28 11:34:14,123.345
2017-04-28 11:34:15,123.345
2017-04-28 11:34:17,123.345
2017-04-28 11:34:18,123.345
2017-04-28 11:34:19,123.345
2017-04-28 11:34:20,123.345
2017-04-28 11:34:21,123.345
2017-04-28 11:34:22,123.355
2017-04-28 11:34:23,123.36
2017-04-28 11:34:24,123.355
2017-04-28 11:34:25,123.36
2017-04-28 11:34:26,123.355
2017-04-28 11:34:27,123.355
2017-04-28 11:34:28,123.355
2017-04-28 11:34:29,123.345
2017-04-28 11:34:30,123.355
2017-04-28 11:34:31,123.35
2017-04-28 11:34:32,123.335
2017-04-28 11:34:33,123.335
2017-04-28 11:34:34,123.32
2017-04-28 11:34:35,123.325
2017-04-28 11:34:36,123.32
2017-04-28 11:34:38,123.32
2017-04-28 11:34:41,123.32
2017-04-28 11:34:43,123.315
2017-04-28 11:34:44,123.31
2017-04-28 11:34:45,123.31
2017-04-28 11:34:48,123.31
2017-04-28 11:34:50,123.31
2017-04-28 11:34:53,123.31
2017-04-28 11:35:00,123.31
2017-04-28 11:35:01,123.315
2017-04-28 11:35:02,123.315
2017-04-28 11:35:03,123.325
2017-04-28 11:35:04,123.32
2017-04-28 11:35:05,123.335
2017-04-28 11:35:06,123.335
2017-04-28 11:35:07,123.32
2017-04-28 11:35:08,123.32
2017-04-28 11:35:11,123.32
2017-04-28 11:35:13,123.315
2017-04-28 11:35:14,123.315
2017-04-28 11:35:15,123.315
2017-04-28 11:35:16,123.315
2017-04-28 11:35:18,123.305
2017-04-28 11:35:19,123.305
2017-04-28 11:35:20,123.305
2017-04-28 11:35:21,123.305
2017-04-28 11:35:22,123.305
2017-04-28 11:35:23,123.305
2017-04-28 11:35:26,123.305
2017-04-28 11:35:27,123.305
2017-04-28 11:35:28,123.305
2017-04-28 11:35:29,123.315
2017-04-28 11:35:31,123.315
2017-04-28 11:35:33,123.315
2017-04-28 11:35:35,123.305
2017-04-28 11:35:36,123.31
2017-04-28 11:35:41,123.305
2017-04-28 11:35:42,123.305
2017-04-28 11:35:43,123.305
2017-04-28 11:35:44,123.31
2017-04-28 11:35:45,123.31
2017-04-28 11:35:49,123.31
2017-04-28 11:35:55,123.31
2017-04-28 11:35:56,123.31
2017-04-28 11:36:01,123.31
2017-04-28 11:36:02,123.31
2017-04-28 11:36:03,123.31
2017-04-28 11:36:08,123.31
2017-04-28 11:36:09,123.31
2017-04-28 11:36:10,123.31
2017-04-28 11:36:18,123.325
2017-04-28 11:36:19,123.33
2017-04-28 11:36:20,123.33
2017-04-28 11:36:21,123.33
2017-04-28 11:36:22,123.33
2017-04-28 11:36:23,123.33
2017-04-28 11:36:24,123.33
2017-04-28 11:36:28,123.34
2017-04-28 11:36:29,123.34
2017-04-28 11:36:30,123.34
2017-04-28 11:36:31,123.34
2017-04-28 11:36:32,123.34
2017-04-28 11:36:33,123.335
2017-04-28 11:36:34,123.325
2017-04-28 11:36:35,123.325
2017-04-28 11:36:36,123.325
2017-04-28 11:36:37,123.325
2017-04-28 11:36:38,123.325
2017-04-28 11:36:39,123.325
2017-04-28 11:36:40,123.325
2017-04-28 11:36:41,123.325
2017-04-28 11:36:42,123.325
2017-04-28 11:36:43,123.33
2017-04-28 11:36:44,123.33
2017-04-28 11:36:45,123.33
2017-04-28 11:36:46,123.33
2017-04-28 11:36:47,123.33
2017-04-28 11:36:50,123.33
2017-04-28 11:36:51,123.33
2017-04-28 11:36:52,123.325
2017-04-28 11:36:53,123.33
2017-04-28 11:36:54,123.325
2017-04-28 11:36:59,123.325
2017-04-28 11:37:02,123.325
2017-04-28 11:37:03,123.325
2017-04-28 11:37:06,123.325
2017-04-28 11:37:07,123.325
2017-04-28 11:37:08,123.325
2017-04-28 11:37:10,123.325
2017-04-28 11:37:11,123.325
2017-04-28 11:37:12,123.325
2017-04-28 11:37:16,123.325
2017-04-28 11:37:17,123.315
2017-04-28 11:37:18,123.305
2017-04-28 11:37:19,123.315
2017-04-28 11:37:20,123.315
2017-04-28 11:37:21,123.31
2017-04-28 11:37:24,123.305
2017-04-28 11:37:27,123.305
2017-04-28 11:37:28,123.305
2017-04-28 11:37:29,123.305
2017-04-28 11:37:31,123.305
2017-04-28 11:37:33,123.305
2017-04-28 11:37:34,123.305
2017-04-28 11:37:35,123.305
2017-04-28 11:37:36,123.305
2017-04-28 11:37:40,123.315
2017-04-28 11:37:41,123.315
2017-04-28 11:37:43,123.32
2017-04-28 11:37:45,123.32
2017-04-28 11:37:47,123.325
2017-04-28 11:37:48,123.325
2017-04-28 11:37:49,123.325
2017-04-28 11:37:50,123.325
2017-04-28 11:37:51,123.325
2017-04-28 11:37:52,123.325
2017-04-28 11:37:54,123.325
2017-04-28 11:37:58,123.325
2017-04-28 11:37:59,123.325
2017-04-28 11:38:01,123.325
2017-04-28 11:38:02,123.315
2017-04-28 11:38:03,123.315
2017-04-28 11:38:04,123.315
2017-04-28 11:38:05,123.315
2017-04-28 11:38:06,123.315
2017-04-28 11:38:07,123.315
2017-04-28 11:38:08,123.315
2017-04-28 11:38:09,123.315
2017-04-28 11:38:10,123.315
2017-04-28 11:38:11,123.315
2017-04-28 11:38:12,123.315
2017-04-28 11:38:13,123.315
2017-04-28 11:38:14,123.31
2017-04-28 11:38:15,123.31
2017-04-28 11:38:16,123.325
2017-04-28 11:38:17,123.325
2017-04-28 11:38:18,123.325
2017-04-28 11:38:20,123.315
2017-04-28 11:38:22,123.315
2017-04-28 11:38:25,123.305
2017-04-28 11:38:26,123.305
2017-04-28 11:38:27,123.305
2017-04-28 11:38:29,123.305
2017-04-28 11:38:30,123.305
2017-04-28 11:38:31,123.305
2017-04-28 11:38:32,123.305
2017-04-28 11:38:33,123.305
2017-04-28 11:38:34,123.305
2017-04-28 11:38:35,123.305
2017-04-28 11:38:39,123.305
2017-04-28 11:38:40,123.305
2017-04-28 11:38:45,123.325
2017-04-28 11:38:47,123.325
2017-04-28 11:38:48,123.325
2017-04-28 11:38:50,123.325
2017-04-28 11:38:51,123.325
2017-04-28 11:38:52,123.325
2017-04-28 11:38:53,123.325
2017-04-28 11:38:54,123.325
2017-04-28 11:38:55,123.325
2017-04-28 11:38:58,123.315
2017-04-28 11:38:59,123.315
2017-04-28 11:39:00,123.315
2017-04-28 11:39:01,123.315
2017-04-28 11:39:02,123.315
2017-04-28 11:39:03,123.305
2017-04-28 11:39:04,123.305
2017-04-28 11:39:05,123.305
2017-04-28 11:39:08,123.305
2017-04-28 11:39:09,123.305
2017-04-28 11:39:10,123.305
2017-04-28 11:39:11,123.305
2017-04-28 11:39:12,123.315
2017-04-28 11:39:13,123.315
2017-04-28 11:39:14,123.305
2017-04-28 11:39:17,123.315
2017-04-28 11:39:18,123.315
2017-04-28 11:39:21,123.315
2017-04-28 11:39:24,123.305
2017-04-28 11:39:26,123.305
2017-04-28 11:39:27,123.305
2017-04-28 11:39:28,123.305
2017-04-28 11:39:29,123.305
2017-04-28 11:39:30,123.305
2017-04-28 11:39:31,123.315
2017-04-28 11:39:32,123.315
2017-04-28 11:39:33,123.315
2017-04-28 11:39:34,123.32
2017-04-28 11:39:37,123.32
2017-04-28 11:39:38,123.32
2017-04-28 11:39:39,123.315
2017-04-28 11:39:40,123.315
2017-04-28 11:39:46,123.315
2017-04-28 11:39:48,123.325
2017-04-28 11:39:49,123.325
2017-04-28 11:39:51,123.335
2017-04-28 11:39:52,123.335
2017-04-28 11:39:53,123.335
2017-04-28 11:39:56,123.335
2017-04-28 11:39:57,123.335
2017-04-28 11:39:58,123.335
2017-04-28 11:39:59,123.35
2017-04-28 11:40:00,123.35
2017-04-28 11:40:01,123.345
2017-04-28 11:40:02,123.345
2017-04-28 11:40:03,123.345
2017-04-28 11:40:04,123.345
2017-04-28 11:40:05,123.345
2017-04-28 11:40:09,123.345
2017-04-28 11:40:13,123.345
2017-04-28 11:40:14,123.345
2017-04-28 11:40:19,123.345
2017-04-28 11:40:22,123.335
2017-04-28 11:40:23,123.32
2017-04-28 11:40:25,123.32
2017-04-28 11:40:26,123.32
2017-04-28 11:40:27,123.315
2017-04-28 11:40:28,123.315
2017-04-28 11:40:30,123.315
2017-04-28 11:40:31,123.315
2017-04-28 11:40:34,123.315
2017-04-28 11:40:35,123.315
2017-04-28 11:40:36,123.315
2017-04-28 11:40:37,123.315
2017-04-28 11:40:38,123.325
2017-04-28 11:40:39,123.32
2017-04-28 11:40:41,123.32
2017-04-28 11:40:48,123.325
2017-04-28 11:40:49,123.325
2017-04-28 11:40:55,123.325
2017-04-28 11:40:56,123.325
2017-04-28 11:40:57,123.325
2017-04-28 11:40:59,123.325
2017-04-28 11:41:00,123.325
2017-04-28 11:41:02,123.325
2017-04-28 11:41:03,123.335
2017-04-28 11:41:05,123.335
2017-04-28 11:41:06,123.335
2017-04-28 11:41:07,123.335
2017-04-28 11:41:09,123.335
2017-04-28 11:41:10,123.335
2017-04-28 11:41:12,123.335
2017-04-28 11:41:13,123.335
2017-04-28 11:41:15,123.335
2017-04-28 11:41:16,123.335
2017-04-28 11:41:18,123.335
2017-04-28 11:41:19,123.335
2017-04-28 11:41:20,123.335
2017-04-28 11:41:21,123.335
2017-04-28 11:41:22,123.335
2017-04-28 11:41:25,123.335
2017-04-28 11:41:29,123.335
2017-04-28 11:41:32,123.335
2017-04-28 11:41:33,123.335
2017-04-28 11:41:34,123.335
2017-04-28 11:41:36,123.315
2017-04-28 11:41:37,123.315
2017-04-28 11:41:38,123.315
2017-04-28 11:41:39,123.315
2017-04-28 11:41:40,123.315
2017-04-28 11:41:41,123.325
2017-04-28 11:41:42,123.32
2017-04-28 11:41:43,123.325
2017-04-28 11:41:44,123.325
2017-04-28 11:41:45,123.325
2017-04-28 11:41:46,123.325
2017-04-28 11:41:47,123.325
2017-04-28 11:41:52,123.325
2017-04-28 11:41:53,123.325
2017-04-28 11:41:54,123.325
2017-04-28 11:41:55,123.335
2017-04-28 11:41:57,123.335
2017-04-28 11:42:01,123.315
2017-04-28 11:42:02,123.315
2017-04-28 11:42:04,123.315
2017-04-28 11:42:05,123.315
2017-04-28 11:42:08,123.315
2017-04-28 11:42:09,123.315
2017-04-28 11:42:10,123.315
2017-04-28 11:42:11,123.315
2017-04-28 11:42:12,123.325
2017-04-28 11:42:13,123.325
2017-04-28 11:42:14,123.325
2017-04-28 11:42:16,123.315
2017-04-28 11:42:17,123.305
2017-04-28 11:42:18,123.305
2017-04-28 11:42:19,123.305
2017-04-28 11:42:20,123.305
2017-04-28 11:42:21,123.325
2017-04-28 11:42:22,123.325
2017-04-28 11:42:23,123.325
2017-04-28 11:42:32,123.325
2017-04-28 11:42:38,123.32
2017-04-28 11:42:39,123.305
2017-04-28 11:42:41,123.305
2017-04-28 11:42:42,123.305
2017-04-28 11:42:43,123.305
2017-04-28 11:42:44,123.305
2017-04-28 11:42:45,123.305
2017-04-28 11:42:47,123.305
2017-04-28 11:42:50,123.305
2017-04-28 11:42:51,123.305
2017-04-28 11:42:52,123.305
2017-04-28 11:42:53,123.305
2017-04-28 11:42:57,123.305
2017-04-28 11:43:01,123.325
2017-04-28 11:43:03,123.325
2017-04-28 11:43:04,123.32
2017-04-28 11:43:05,123.32
2017-04-28 11:43:09,123.32
2017-04-28 11:43:11,123.315
2017-04-28 11:43:12,123.315
2017-04-28 11:43:15,123.315
2017-04-28 11:43:17,123.325
2017-04-28 11:43:18,123.325
2017-04-28 11:43:22,123.325
2017-04-28 11:43:23,123.325
2017-04-28 11:43:25,123.325
2017-04-28 11:43:26,123.325
2017-04-28 11:43:27,123.32
2017-04-28 11:43:28,123.32
2017-04-28 11:43:34,123.325
2017-04-28 11:43:37,123.335
2017-04-28 11:43:38,123.325
2017-04-28 11:43:40,123.33
2017-04-28 11:43:42,123.335
2017-04-28 11:43:43,123.335
2017-04-28 11:43:44,123.335
2017-04-28 11:43:46,123.335
2017-04-28 11:43:47,123.335
2017-04-28 11:43:48,123.335
2017-04-28 11:43:49,123.335
2017-04-28 11:43:51,123.335
2017-04-28 11:43:54,123.335
2017-04-28 11:43:59,123.335
2017-04-28 11:44:03,123.335
2017-04-28 11:44:05,123.335
2017-04-28 11:44:07,123.335
2017-04-28 11:44:08,123.335
2017-04-28 11:44:12,123.325
2017-04-28 11:44:13,123.33
2017-04-28 11:44:14,123.335
2017-04-28 11:44:15,123.335
2017-04-28 11:44:16,123.335
2017-04-28 11:44:17,123.33
2017-04-28 11:44:22,123.325
2017-04-28 11:44:23,123.345
2017-04-28 11:44:25,123.335
2017-04-28 11:44:26,123.335
2017-04-28 11:44:27,123.335
2017-04-28 11:44:28,123.35
2017-04-28 11:44:30,123.35
2017-04-28 11:44:32,123.355
2017-04-28 11:44:33,123.365
2017-04-28 11:44:34,123.355
2017-04-28 11:44:35,123.355
2017-04-28 11:44:36,123.355
2017-04-28 11:44:37,123.365
2017-04-28 11:44:43,123.365
2017-04-28 11:44:44,123.365
2017-04-28 11:44:45,123.365
2017-04-28 11:44:47,123.365
2017-04-28 11:44:53,123.365
2017-04-28 11:44:54,123.365
2017-04-28 11:44:58,123.365
2017-04-28 11:44:59,123.365
2017-04-28 11:45:00,123.365
2017-04-28 11:45:01,123.365
2017-04-28 11:45:02,123.365
2017-04-28 11:45:04,123.365
2017-04-28 11:45:06,123.365
2017-04-28 11:45:07,123.365
2017-04-28 11:45:09,123.365
2017-04-28 11:45:10,123.365
2017-04-28 11:45:11,123.365
2017-04-28 11:45:14,123.36
2017-04-28 11:45:17,123.365
2017-04-28 11:45:19,123.365
2017-04-28 11:45:20,123.345
2017-04-28 11:45:21,123.345
2017-04-28 11:45:22,123.355
2017-04-28 11:45:23,123.35
2017-04-28 11:45:24,123.34
2017-04-28 11:45:25,123.35
2017-04-28 11:45:26,123.35
2017-04-28 11:45:29,123.335
2017-04-28 11:45:30,123.325
2017-04-28 11:45:32,123.335
2017-04-28 11:45:33,123.335
2017-04-28 11:45:34,123.335
2017-04-28 11:45:35,123.325
2017-04-28 11:45:36,123.315
2017-04-28 11:45:37,123.325
2017-04-28 11:45:38,123.335
2017-04-28 11:45:39,123.335
2017-04-28 11:45:41,123.335
2017-04-28 11:45:42,123.335
2017-04-28 11:45:44,123.335
2017-04-28 11:45:45,123.335
2017-04-28 11:45:46,123.335
2017-04-28 11:45:47,123.335
2017-04-28 11:45:51,123.33
2017-04-28 11:45:52,123.33
2017-04-28 11:45:53,123.33
2017-04-28 11:45:54,123.33
2017-04-28 11:45:55,123.325
2017-04-28 11:45:56,123.325
2017-04-28 11:45:57,123.325
2017-04-28 11:45:59,123.325
2017-04-28 11:46:02,123.325
2017-04-28 11:46:05,123.325
2017-04-28 11:46:06,123.315
2017-04-28 11:46:07,123.305
2017-04-28 11:46:08,123.315
2017-04-28 11:46:09,123.315
2017-04-28 11:46:10,123.315
2017-04-28 11:46:11,123.315
2017-04-28 11:46:12,123.315
2017-04-28 11:46:15,123.315
2017-04-28 11:46:22,123.305
2017-04-28 11:46:23,123.31
2017-04-28 11:46:25,123.305
2017-04-28 11:46:26,123.305
2017-04-28 11:46:27,123.305
2017-04-28 11:46:28,123.305
2017-04-28 11:46:31,123.305
2017-04-28 11:46:32,123.305
2017-04-28 11:46:34,123.305
2017-04-28 11:46:35,123.305
2017-04-28 11:46:42,123.305
2017-04-28 11:46:43,123.305
2017-04-28 11:46:46,123.305
2017-04-28 11:46:47,123.305
2017-04-28 11:46:48,123.305
2017-04-28 11:46:50,123.305
2017-04-28 11:46:52,123.305
2017-04-28 11:46:53,123.305
2017-04-28 11:46:54,123.305
2017-04-28 11:46:55,123.305
2017-04-28 11:46:56,123.305
2017-04-28 11:46:59,123.315
2017-04-28 11:47:00,123.315
2017-04-28 11:47:02,123.315
2017-04-28 11:47:03,123.315
2017-04-28 11:47:06,123.315
2017-04-28 11:47:09,123.315
2017-04-28 11:47:12,123.315
2017-04-28 11:47:13,123.315
2017-04-28 11:47:15,123.315
2017-04-28 11:47:17,123.315
2017-04-28 11:47:25,123.325
2017-04-28 11:47:26,123.325
2017-04-28 11:47:27,123.325
2017-04-28 11:47:29,123.325
2017-04-28 11:47:33,123.325
2017-04-28 11:47:35,123.325
2017-04-28 11:47:36,123.325
2017-04-28 11:47:38,123.335
2017-04-28 11:47:39,123.345
2017-04-28 11:47:40,123.345
2017-04-28 11:47:42,123.345
2017-04-28 11:47:44,123.345
2017-04-28 11:47:46,123.325
2017-04-28 11:47:47,123.325
2017-04-28 11:47:52,123.325
2017-04-28 11:47:53,123.325
2017-04-28 11:47:59,123.325
2017-04-28 11:48:00,123.315
2017-04-28 11:48:02,123.315
2017-04-28 11:48:04,123.305
2017-04-28 11:48:05,123.305
2017-04-28 11:48:07,123.325
2017-04-28 11:48:08,123.325
2017-04-28 11:48:09,123.325
2017-04-28 11:48:10,123.335
2017-04-28 11:48:11,123.335
2017-04-28 11:48:12,123.335
2017-04-28 11:48:13,123.335
2017-04-28 11:48:16,123.335
2017-04-28 11:48:17,123.335
2017-04-28 11:48:19,123.335
2017-04-28 11:48:21,123.335
2017-04-28 11:48:23,123.335
2017-04-28 11:48:24,123.335
2017-04-28 11:48:25,123.335
2017-04-28 11:48:27,123.335
2017-04-28 11:48:28,123.335
2017-04-28 11:48:29,123.335
2017-04-28 11:48:31,123.335
2017-04-28 11:48:32,123.335
2017-04-28 11:48:33,123.335
2017-04-28 11:48:35,123.335
2017-04-28 11:48:40,123.335
2017-04-28 11:48:41,123.335
2017-04-28 11:48:42,123.335
2017-04-28 11:48:45,123.325
2017-04-28 11:48:46,123.325
2017-04-28 11:48:47,123.325
2017-04-28 11:48:49,123.32
2017-04-28 11:48:52,123.305
2017-04-28 11:48:53,123.305
2017-04-28 11:48:54,123.305
2017-04-28 11:48:57,123.305
2017-04-28 11:48:58,123.305
2017-04-28 11:48:59,123.305
2017-04-28 11:49:00,123.305
2017-04-28 11:49:01,123.325
2017-04-28 11:49:02,123.325
2017-04-28 11:49:03,123.325
2017-04-28 11:49:06,123.325
2017-04-28 11:49:08,123.325
2017-04-28 11:49:13,123.325
2017-04-28 11:49:14,123.325
2017-04-28 11:49:18,123.335
2017-04-28 11:49:19,123.335
2017-04-28 11:49:20,123.335
2017-04-28 11:49:21,123.335
2017-04-28 11:49:22,123.335
2017-04-28 11:49:23,123.335
2017-04-28 11:49:26,123.335
2017-04-28 11:49:27,123.335
2017-04-28 11:49:29,123.335
2017-04-28 11:49:30,123.335
2017-04-28 11:49:33,123.335
2017-04-28 11:49:34,123.335
2017-04-28 11:49:35,123.335
2017-04-28 11:49:36,123.335
2017-04-28 11:49:37,123.335
2017-04-28 11:49:38,123.335
2017-04-28 11:49:39,123.325
2017-04-28 11:49:40,123.32
2017-04-28 11:49:42,123.315
2017-04-28 11:49:43,123.315
2017-04-28 11:49:47,123.315
2017-04-28 11:49:50,123.325
2017-04-28 11:49:51,123.325
2017-04-28 11:49:56,123.345
2017-04-28 11:49:57,123.34
2017-04-28 11:49:58,123.34
2017-04-28 11:50:02,123.34
2017-04-28 11:50:05,123.355
2017-04-28 11:50:06,123.355
2017-04-28 11:50:07,123.36
2017-04-28 11:50:08,123.36
2017-04-28 11:50:10,123.36
2017-04-28 11:50:17,123.36
2017-04-28 11:50:19,123.365
2017-04-28 11:50:20,123.385
2017-04-28 11:50:21,123.37
2017-04-28 11:50:22,123.365
2017-04-28 11:50:23,123.36
2017-04-28 11:50:32,123.36
2017-04-28 11:50:35,123.36
2017-04-28 11:50:39,123.365
2017-04-28 11:50:40,123.375
2017-04-28 11:50:41,123.375
2017-04-28 11:50:44,123.375
2017-04-28 11:50:46,123.375
2017-04-28 11:50:48,123.375
2017-04-28 11:50:49,123.375
2017-04-28 11:50:52,123.375
2017-04-28 11:50:53,123.375
2017-04-28 11:50:56,123.375
2017-04-28 11:50:58,123.375
2017-04-28 11:51:00,123.385
2017-04-28 11:51:01,123.395
2017-04-28 11:51:02,123.385
2017-04-28 11:51:03,123.38
2017-04-28 11:51:04,123.38
2017-04-28 11:51:05,123.38
2017-04-28 11:51:07,123.38
2017-04-28 11:51:08,123.38
2017-04-28 11:51:13,123.38
2017-04-28 11:51:19,123.385
2017-04-28 11:51:20,123.38
2017-04-28 11:51:22,123.375
2017-04-28 11:51:23,123.385
2017-04-28 11:51:26,123.385
2017-04-28 11:51:28,123.385
2017-04-28 11:51:32,123.365
2017-04-28 11:51:34,123.355
2017-04-28 11:51:35,123.37
2017-04-28 11:51:36,123.36
2017-04-28 11:51:38,123.36
2017-04-28 11:51:39,123.36
2017-04-28 11:51:40,123.36
2017-04-28 11:51:42,123.355
2017-04-28 11:51:45,123.365
2017-04-28 11:51:47,123.375
2017-04-28 11:51:48,123.375
2017-04-28 11:51:49,123.375
2017-04-28 11:51:50,123.375
2017-04-28 11:51:56,123.365
2017-04-28 11:51:57,123.365
2017-04-28 11:51:58,123.365
2017-04-28 11:51:59,123.365
2017-04-28 11:52:00,123.365
2017-04-28 11:52:02,123.365
2017-04-28 11:52:04,123.365
2017-04-28 11:52:06,123.365
2017-04-28 11:52:08,123.365
2017-04-28 11:52:12,123.365
2017-04-28 11:52:15,123.365
2017-04-28 11:52:16,123.365
2017-04-28 11:52:17,123.365
2017-04-28 11:52:19,123.365
2017-04-28 11:52:23,123.385
2017-04-28 11:52:24,123.38
2017-04-28 11:52:28,123.38
2017-04-28 11:52:29,123.375
2017-04-28 11:52:32,123.375
2017-04-28 11:52:33,123.395
2017-04-28 11:52:35,123.395
2017-04-28 11:52:42,123.395
2017-04-28 11:52:43,123.38
2017-04-28 11:52:44,123.385
2017-04-28 11:52:47,123.385
2017-04-28 11:52:48,123.38
2017-04-28 11:52:49,123.38
2017-04-28 11:52:50,123.385
2017-04-28 11:52:51,123.385
2017-04-28 11:52:53,123.385
2017-04-28 11:52:54,123.39
2017-04-28 11:52:55,123.39
2017-04-28 11:52:56,123.405
2017-04-28 11:52:57,123.4
2017-04-28 11:52:58,123.39
2017-04-28 11:53:00,123.395
2017-04-28 11:53:01,123.395
2017-04-28 11:53:02,123.395
2017-04-28 11:53:03,123.395
2017-04-28 11:53:04,123.395
2017-04-28 11:53:06,123.41
2017-04-28 11:53:07,123.4
2017-04-28 11:53:08,123.395
2017-04-28 11:53:09,123.395
2017-04-28 11:53:10,123.395
2017-04-28 11:53:11,123.395
2017-04-28 11:53:12,123.395
2017-04-28 11:53:14,123.38
2017-04-28 11:53:15,123.38
2017-04-28 11:53:16,123.38
2017-04-28 11:53:22,123.375
2017-04-28 11:53:23,123.375
2017-04-28 11:53:24,123.375
2017-04-28 11:53:30,123.375
2017-04-28 11:53:31,123.375
2017-04-28 11:53:32,123.375
2017-04-28 11:53:33,123.385
2017-04-28 11:53:35,123.385
2017-04-28 11:53:45,123.395
2017-04-28 11:53:46,123.385
2017-04-28 11:53:47,123.385
2017-04-28 11:53:49,123.385
2017-04-28 11:53:54,123.375
2017-04-28 11:53:55,123.375
2017-04-28 11:53:56,123.375
2017-04-28 11:53:57,123.375
2017-04-28 11:53:58,123.375
2017-04-28 11:53:59,123.385
2017-04-28 11:54:00,123.38
2017-04-28 11:54:01,123.38
2017-04-28 11:54:02,123.385
2017-04-28 11:54:04,123.385
2017-04-28 11:54:08,123.385
2017-04-28 11:54:09,123.38
2017-04-28 11:54:11,123.38
2017-04-28 11:54:13,123.38
2017-04-28 11:54:14,123.37
2017-04-28 11:54:15,123.37
2017-04-28 11:54:16,123.37
2017-04-28 11:54:18,123.365
2017-04-28 11:54:19,123.365
2017-04-28 11:54:20,123.37
2017-04-28 11:54:21,123.375
2017-04-28 11:54:22,123.375
2017-04-28 11:54:23,123.37
2017-04-28 11:54:26,123.37
2017-04-28 11:54:29,123.37
2017-04-28 11:54:32,123.365
2017-04-28 11:54:38,123.365
2017-04-28 11:54:39,123.365
2017-04-28 11:54:42,123.365
2017-04-28 11:54:45,123.36
2017-04-28 11:54:48,123.365
2017-04-28 11:54:49,123.365
2017-04-28 11:54:52,123.36
2017-04-28 11:54:53,123.36
2017-04-28 11:54:54,123.36
2017-04-28 11:55:02,123.355
2017-04-28 11:55:03,123.355
2017-04-28 11:55:04,123.365
2017-04-28 11:55:06,123.36
2017-04-28 11:55:09,123.36
2017-04-28 11:55:10,123.36
2017-04-28 11:55:12,123.355
2017-04-28 11:55:13,123.36
2017-04-28 11:55:15,123.355
2017-04-28 11:55:16,123.345
2017-04-28 11:55:17,123.355
2017-04-28 11:55:18,123.355
2017-04-28 11:55:19,123.35
2017-04-28 11:55:20,123.355
2017-04-28 11:55:22,123.355
2017-04-28 11:55:23,123.35
2017-04-28 11:55:24,123.35
2017-04-28 11:55:25,123.35
2017-04-28 11:55:27,123.35
2017-04-28 11:55:32,123.355
2017-04-28 11:55:33,123.355
2017-04-28 11:55:35,123.355
2017-04-28 11:55:38,123.355
2017-04-28 11:55:39,123.355
2017-04-28 11:55:40,123.355
2017-04-28 11:55:41,123.355
2017-04-28 11:55:42,123.355
2017-04-28 11:55:43,123.355
2017-04-28 11:55:47,123.355
2017-04-28 11:55:48,123.355
2017-04-28 11:55:54,123.355
2017-04-28 11:55:58,123.355
2017-04-28 11:56:00,123.35
2017-04-28 11:56:02,123.35
2017-04-28 11:56:03,123.345
2017-04-28 11:56:06,123.365
2017-04-28 11:56:07,123.365
2017-04-28 11:56:14,123.365
2017-04-28 11:56:15,123.355
2017-04-28 11:56:16,123.365
2017-04-28 11:56:17,123.365
2017-04-28 11:56:25,123.365
2017-04-28 11:56:27,123.365
2017-04-28 11:56:28,123.365
2017-04-28 11:56:29,123.365
2017-04-28 11:56:30,123.375
2017-04-28 11:56:31,123.375
2017-04-28 11:56:32,123.375
2017-04-28 11:56:35,123.375
2017-04-28 11:56:37,123.375
2017-04-28 11:56:38,123.375
2017-04-28 11:56:43,123.375
2017-04-28 11:56:46,123.375
2017-04-28 11:56:55,123.375
2017-04-28 11:56:56,123.395
2017-04-28 11:56:58,123.395
2017-04-28 11:56:59,123.395
2017-04-28 11:57:01,123.395
2017-04-28 11:57:02,123.395
2017-04-28 11:57:03,123.395
2017-04-28 11:57:04,123.395
2017-04-28 11:57:05,123.395
2017-04-28 11:57:06,123.395
2017-04-28 11:57:07,123.395
2017-04-28 11:57:08,123.395
2017-04-28 11:57:09,123.395
2017-04-28 11:57:14,123.395
2017-04-28 11:57:15,123.385
2017-04-28 11:57:18,123.385
2017-04-28 11:57:19,123.385
2017-04-28 11:57:20,123.385
2017-04-28 11:57:22,123.385
2017-04-28 11:57:24,123.385
2017-04-28 11:57:29,123.385
2017-04-28 11:57:32,123.375
2017-04-28 11:57:35,123.375
2017-04-28 11:57:38,123.375
2017-04-28 11:57:40,123.37
2017-04-28 11:57:42,123.365
2017-04-28 11:57:46,123.365
2017-04-28 11:57:47,123.365
2017-04-28 11:57:52,123.365
2017-04-28 11:57:53,123.365
2017-04-28 11:57:56,123.365
2017-04-28 11:57:58,123.36
2017-04-28 11:58:02,123.35
2017-04-28 11:58:03,123.35
2017-04-28 11:58:06,123.35
2017-04-28 11:58:12,123.355
2017-04-28 11:58:13,123.355
2017-04-28 11:58:15,123.355
2017-04-28 11:58:17,123.355
2017-04-28 11:58:18,123.355
2017-04-28 11:58:19,123.355
2017-04-28 11:58:20,123.355
2017-04-28 11:58:21,123.355
2017-04-28 11:58:23,123.36
2017-04-28 11:58:25,123.36
2017-04-28 11:58:28,123.36
2017-04-28 11:58:30,123.36
2017-04-28 11:58:32,123.345
2017-04-28 11:58:33,123.345
2017-04-28 11:58:34,123.345
2017-04-28 11:58:37,123.345
2017-04-28 11:58:40,123.345
2017-04-28 11:58:42,123.345
2017-04-28 11:58:43,123.335
2017-04-28 11:58:46,123.33
2017-04-28 11:58:47,123.33
2017-04-28 11:58:52,123.335
2017-04-28 11:58:54,123.335
2017-04-28 11:58:57,123.335
2017-04-28 11:58:58,123.335
2017-04-28 11:59:00,123.335
2017-04-28 11:59:02,123.335
2017-04-28 11:59:07,123.335
2017-04-28 11:59:08,123.315
2017-04-28 11:59:09,123.315
2017-04-28 11:59:12,123.315
2017-04-28 11:59:13,123.31
2017-04-28 11:59:14,123.325
2017-04-28 11:59:16,123.32
2017-04-28 11:59:18,123.315
2017-04-28 11:59:19,123.32
2017-04-28 11:59:22,123.325
2017-04-28 11:59:23,123.325
2017-04-28 11:59:24,123.325
2017-04-28 11:59:25,123.32
2017-04-28 11:59:28,123.32
2017-04-28 11:59:30,123.325
2017-04-28 11:59:31,123.335
2017-04-28 11:59:32,123.335
2017-04-28 11:59:33,123.335
2017-04-28 11:59:34,123.335
2017-04-28 11:59:35,123.335
2017-04-28 11:59:36,123.335
2017-04-28 11:59:41,123.335
2017-04-28 11:59:42,123.335
2017-04-28 11:59:45,123.335
2017-04-28 11:59:46,123.335
2017-04-28 11:59:47,123.345
2017-04-28 11:59:48,123.345
2017-04-28 11:59:49,123.345
2017-04-28 11:59:50,123.345
2017-04-28 11:59:52,123.345
2017-04-28 11:59:53,123.33
2017-04-28 11:59:54,123.34
2017-04-28 11:59:55,123.34
2017-04-28 11:59:56,123.33
2017-04-28 11:59:57,123.34
