Date,Price
2017-11-06 12:00:02,77.675
2017-11-06 12:00:08,77.675
2017-11-06 12:00:11,77.685
2017-11-06 12:00:12,77.685
2017-11-06 12:00:13,77.685
2017-11-06 12:00:14,77.69
2017-11-06 12:00:15,77.69
2017-11-06 12:00:16,77.69
2017-11-06 12:00:17,77.695
2017-11-06 12:00:18,77.705
2017-11-06 12:00:19,77.705
2017-11-06 12:00:20,77.71
2017-11-06 12:00:21,77.71
2017-11-06 12:00:25,77.71
2017-11-06 12:00:28,77.72
2017-11-06 12:00:30,77.73
2017-11-06 12:00:31,77.73
2017-11-06 12:00:33,77.73
2017-11-06 12:00:34,77.73
2017-11-06 12:00:39,77.73
2017-11-06 12:00:40,77.73
2017-11-06 12:00:46,77.73
2017-11-06 12:00:49,77.73
2017-11-06 12:00:58,77.73
2017-11-06 12:00:59,77.73
2017-11-06 12:01:04,77.725
2017-11-06 12:01:05,77.73
2017-11-06 12:01:06,77.735
2017-11-06 12:01:11,77.73
2017-11-06 12:01:13,77.73
2017-11-06 12:01:14,77.73
2017-11-06 12:01:15,77.73
2017-11-06 12:01:16,77.725
2017-11-06 12:01:20,77.725
2017-11-06 12:01:34,77.725
2017-11-06 12:01:37,77.725
2017-11-06 12:01:38,77.725
2017-11-06 12:01:52,77.725
2017-11-06 12:01:55,77.715
2017-11-06 12:01:56,77.715
2017-11-06 12:01:59,77.715
2017-11-06 12:02:00,77.73
2017-11-06 12:02:01,77.73
2017-11-06 12:02:04,77.73
2017-11-06 12:02:06,77.73
2017-11-06 12:02:10,77.73
2017-11-06 12:02:13,77.735
2017-11-06 12:02:14,77.74
2017-11-06 12:02:17,77.74
2017-11-06 12:02:20,77.745
2017-11-06 12:02:21,77.74
2017-11-06 12:02:27,77.745
2017-11-06 12:02:38,77.74
2017-11-06 12:02:40,77.74
2017-11-06 12:02:43,77.735
2017-11-06 12:02:46,77.735
2017-11-06 12:02:48,77.735
2017-11-06 12:02:50,77.745
2017-11-06 12:02:51,77.74
2017-11-06 12:02:52,77.745
2017-11-06 12:02:53,77.745
2017-11-06 12:02:56,77.745
2017-11-06 12:03:20,77.745
2017-11-06 12:03:21,77.715
2017-11-06 12:03:22,77.72
2017-11-06 12:03:23,77.72
2017-11-06 12:03:24,77.72
2017-11-06 12:03:30,77.725
2017-11-06 12:03:31,77.725
2017-11-06 12:03:34,77.725
2017-11-06 12:03:51,77.725
2017-11-06 12:03:53,77.735
2017-11-06 12:03:54,77.735
2017-11-06 12:03:55,77.735
2017-11-06 12:03:59,77.735
2017-11-06 12:04:00,77.735
2017-11-06 12:04:01,77.735
2017-11-06 12:04:03,77.745
2017-11-06 12:04:05,77.735
2017-11-06 12:04:06,77.735
2017-11-06 12:04:09,77.725
2017-11-06 12:04:15,77.73
2017-11-06 12:04:19,77.73
2017-11-06 12:04:21,77.73
2017-11-06 12:04:25,77.735
2017-11-06 12:04:29,77.735
2017-11-06 12:04:30,77.73
2017-11-06 12:04:31,77.73
2017-11-06 12:04:41,77.73
2017-11-06 12:04:44,77.73
2017-11-06 12:04:46,77.73
2017-11-06 12:04:48,77.735
2017-11-06 12:04:49,77.745
2017-11-06 12:04:50,77.745
2017-11-06 12:04:56,77.745
2017-11-06 12:05:01,77.755
2017-11-06 12:05:05,77.755
2017-11-06 12:05:08,77.755
2017-11-06 12:05:11,77.755
2017-11-06 12:05:12,77.755
2017-11-06 12:05:13,77.755
2017-11-06 12:05:17,77.755
2017-11-06 12:05:18,77.755
2017-11-06 12:05:19,77.755
2017-11-06 12:05:23,77.755
2017-11-06 12:05:27,77.755
2017-11-06 12:05:31,77.755
2017-11-06 12:05:33,77.755
2017-11-06 12:05:35,77.755
2017-11-06 12:05:38,77.755
2017-11-06 12:05:44,77.765
2017-11-06 12:05:45,77.765
2017-11-06 12:05:48,77.765
2017-11-06 12:05:49,77.755
2017-11-06 12:05:50,77.735
2017-11-06 12:05:51,77.73
2017-11-06 12:05:52,77.735
2017-11-06 12:05:53,77.735
2017-11-06 12:05:57,77.735
2017-11-06 12:05:58,77.735
2017-11-06 12:06:00,77.74
2017-11-06 12:06:01,77.745
2017-11-06 12:06:03,77.745
2017-11-06 12:06:05,77.755
2017-11-06 12:06:09,77.75
2017-11-06 12:06:11,77.745
2017-11-06 12:06:14,77.735
2017-11-06 12:06:16,77.745
2017-11-06 12:06:17,77.745
2017-11-06 12:06:18,77.745
2017-11-06 12:06:19,77.745
2017-11-06 12:06:21,77.745
2017-11-06 12:06:23,77.75
2017-11-06 12:06:24,77.745
2017-11-06 12:06:25,77.745
2017-11-06 12:06:31,77.745
2017-11-06 12:06:33,77.75
2017-11-06 12:06:34,77.735
2017-11-06 12:06:35,77.735
2017-11-06 12:06:37,77.735
2017-11-06 12:06:38,77.75
2017-11-06 12:06:43,77.75
2017-11-06 12:06:46,77.745
2017-11-06 12:06:47,77.745
2017-11-06 12:06:52,77.745
2017-11-06 12:06:56,77.745
2017-11-06 12:06:57,77.745
2017-11-06 12:06:59,77.745
2017-11-06 12:07:08,77.745
2017-11-06 12:07:09,77.755
2017-11-06 12:07:11,77.755
2017-11-06 12:07:13,77.755
2017-11-06 12:07:18,77.76
2017-11-06 12:07:19,77.76
2017-11-06 12:07:20,77.76
2017-11-06 12:07:21,77.76
2017-11-06 12:07:24,77.765
2017-11-06 12:07:25,77.765
2017-11-06 12:07:27,77.765
2017-11-06 12:07:29,77.755
2017-11-06 12:07:30,77.755
2017-11-06 12:07:31,77.755
2017-11-06 12:07:34,77.755
2017-11-06 12:07:37,77.755
2017-11-06 12:07:43,77.755
2017-11-06 12:07:48,77.755
2017-11-06 12:07:49,77.755
2017-11-06 12:07:50,77.73
2017-11-06 12:07:51,77.725
2017-11-06 12:07:55,77.725
2017-11-06 12:07:56,77.725
2017-11-06 12:08:00,77.725
2017-11-06 12:08:04,77.725
2017-11-06 12:08:09,77.735
2017-11-06 12:08:10,77.725
2017-11-06 12:08:11,77.725
2017-11-06 12:08:12,77.725
2017-11-06 12:08:19,77.725
2017-11-06 12:08:26,77.725
2017-11-06 12:08:27,77.735
2017-11-06 12:08:28,77.725
2017-11-06 12:08:29,77.725
2017-11-06 12:08:30,77.715
2017-11-06 12:08:31,77.725
2017-11-06 12:08:32,77.715
2017-11-06 12:08:33,77.715
2017-11-06 12:08:34,77.715
2017-11-06 12:08:35,77.72
2017-11-06 12:08:37,77.725
2017-11-06 12:08:38,77.72
2017-11-06 12:08:40,77.715
2017-11-06 12:08:42,77.715
2017-11-06 12:08:43,77.705
2017-11-06 12:08:44,77.705
2017-11-06 12:08:45,77.705
2017-11-06 12:08:46,77.685
2017-11-06 12:08:47,77.685
2017-11-06 12:08:48,77.685
2017-11-06 12:08:49,77.685
2017-11-06 12:08:50,77.675
2017-11-06 12:08:51,77.675
2017-11-06 12:08:54,77.675
2017-11-06 12:08:56,77.675
2017-11-06 12:08:57,77.665
2017-11-06 12:08:58,77.665
2017-11-06 12:08:59,77.665
2017-11-06 12:09:00,77.665
2017-11-06 12:09:02,77.665
2017-11-06 12:09:04,77.675
2017-11-06 12:09:05,77.665
2017-11-06 12:09:07,77.665
2017-11-06 12:09:08,77.645
2017-11-06 12:09:09,77.635
2017-11-06 12:09:10,77.625
2017-11-06 12:09:11,77.625
2017-11-06 12:09:12,77.625
2017-11-06 12:09:15,77.665
2017-11-06 12:09:16,77.655
2017-11-06 12:09:18,77.635
2017-11-06 12:09:22,77.625
2017-11-06 12:09:23,77.625
2017-11-06 12:09:24,77.655
2017-11-06 12:09:25,77.675
2017-11-06 12:09:26,77.675
2017-11-06 12:09:28,77.675
2017-11-06 12:09:30,77.665
2017-11-06 12:09:31,77.65
2017-11-06 12:09:32,77.645
2017-11-06 12:09:33,77.665
2017-11-06 12:09:34,77.665
2017-11-06 12:09:37,77.665
2017-11-06 12:09:38,77.66
2017-11-06 12:09:39,77.645
2017-11-06 12:09:40,77.645
2017-11-06 12:09:41,77.675
2017-11-06 12:09:44,77.675
2017-11-06 12:09:46,77.695
2017-11-06 12:09:47,77.705
2017-11-06 12:09:49,77.685
2017-11-06 12:09:50,77.685
2017-11-06 12:09:51,77.69
2017-11-06 12:09:52,77.705
2017-11-06 12:09:53,77.715
2017-11-06 12:09:54,77.715
2017-11-06 12:09:55,77.715
2017-11-06 12:09:56,77.725
2017-11-06 12:09:58,77.715
2017-11-06 12:09:59,77.715
2017-11-06 12:10:00,77.71
2017-11-06 12:10:01,77.725
2017-11-06 12:10:02,77.715
2017-11-06 12:10:03,77.72
2017-11-06 12:10:06,77.71
2017-11-06 12:10:07,77.71
2017-11-06 12:10:12,77.74
2017-11-06 12:10:13,77.74
2017-11-06 12:10:16,77.74
2017-11-06 12:10:25,77.75
2017-11-06 12:10:26,77.735
2017-11-06 12:10:27,77.75
2017-11-06 12:10:28,77.75
2017-11-06 12:10:29,77.755
2017-11-06 12:10:35,77.755
2017-11-06 12:10:36,77.765
2017-11-06 12:10:39,77.79
2017-11-06 12:10:45,77.79
2017-11-06 12:10:47,77.795
2017-11-06 12:10:48,77.795
2017-11-06 12:10:57,77.805
2017-11-06 12:10:58,77.805
2017-11-06 12:10:59,77.8
2017-11-06 12:11:00,77.805
2017-11-06 12:11:03,77.785
2017-11-06 12:11:06,77.79
2017-11-06 12:11:09,77.805
2017-11-06 12:11:10,77.805
2017-11-06 12:11:13,77.81
2017-11-06 12:11:15,77.82
2017-11-06 12:11:17,77.83
2017-11-06 12:11:18,77.83
2017-11-06 12:11:22,77.815
2017-11-06 12:11:24,77.82
2017-11-06 12:11:26,77.83
2017-11-06 12:11:27,77.83
2017-11-06 12:11:29,77.83
2017-11-06 12:11:30,77.83
2017-11-06 12:11:32,77.83
2017-11-06 12:11:33,77.83
2017-11-06 12:11:34,77.83
2017-11-06 12:11:43,77.83
2017-11-06 12:11:45,77.83
2017-11-06 12:11:46,77.83
2017-11-06 12:12:02,77.835
2017-11-06 12:12:03,77.84
2017-11-06 12:12:06,77.845
2017-11-06 12:12:07,77.845
2017-11-06 12:12:29,77.855
2017-11-06 12:12:45,77.845
2017-11-06 12:12:46,77.85
2017-11-06 12:12:48,77.85
2017-11-06 12:12:50,77.845
2017-11-06 12:12:51,77.85
2017-11-06 12:12:52,77.85
2017-11-06 12:12:53,77.85
2017-11-06 12:13:00,77.85
2017-11-06 12:13:01,77.85
2017-11-06 12:13:02,77.85
2017-11-06 12:13:03,77.86
2017-11-06 12:13:04,77.86
2017-11-06 12:13:08,77.86
2017-11-06 12:13:09,77.86
2017-11-06 12:13:12,77.86
2017-11-06 12:13:15,77.86
2017-11-06 12:13:23,77.86
2017-11-06 12:13:29,77.865
2017-11-06 12:13:30,77.855
2017-11-06 12:13:31,77.86
2017-11-06 12:13:32,77.86
2017-11-06 12:13:34,77.865
2017-11-06 12:13:35,77.86
2017-11-06 12:13:36,77.86
2017-11-06 12:13:37,77.86
2017-11-06 12:13:39,77.86
2017-11-06 12:13:40,77.87
2017-11-06 12:13:41,77.86
2017-11-06 12:13:42,77.865
2017-11-06 12:13:43,77.865
2017-11-06 12:14:02,77.87
2017-11-06 12:14:03,77.87
2017-11-06 12:14:07,77.87
2017-11-06 12:14:08,77.87
2017-11-06 12:14:11,77.88
2017-11-06 12:14:15,77.875
2017-11-06 12:14:16,77.88
2017-11-06 12:14:19,77.88
2017-11-06 12:14:21,77.875
2017-11-06 12:14:22,77.88
2017-11-06 12:14:25,77.915
2017-11-06 12:14:26,77.915
2017-11-06 12:14:27,77.93
2017-11-06 12:14:30,77.93
2017-11-06 12:14:31,77.935
2017-11-06 12:14:32,77.94
2017-11-06 12:14:34,77.95
2017-11-06 12:14:35,77.94
2017-11-06 12:14:36,77.95
2017-11-06 12:14:39,77.96
2017-11-06 12:14:42,77.945
2017-11-06 12:14:43,77.945
2017-11-06 12:14:46,77.945
2017-11-06 12:14:47,77.94
2017-11-06 12:14:49,77.94
2017-11-06 12:14:59,77.94
2017-11-06 12:15:00,77.93
2017-11-06 12:15:01,77.93
2017-11-06 12:15:04,77.93
2017-11-06 12:15:07,77.93
2017-11-06 12:15:10,77.93
2017-11-06 12:15:21,77.93
2017-11-06 12:15:22,77.93
2017-11-06 12:15:27,77.93
2017-11-06 12:15:29,77.93
2017-11-06 12:15:30,77.945
2017-11-06 12:15:31,77.945
2017-11-06 12:15:32,77.95
2017-11-06 12:15:38,77.96
2017-11-06 12:15:39,77.96
2017-11-06 12:15:41,77.96
2017-11-06 12:15:42,77.96
2017-11-06 12:15:45,77.96
2017-11-06 12:15:46,77.96
2017-11-06 12:15:55,77.96
2017-11-06 12:15:57,77.95
2017-11-06 12:16:08,77.95
2017-11-06 12:16:09,77.95
2017-11-06 12:16:13,77.935
2017-11-06 12:16:16,77.935
2017-11-06 12:16:22,77.935
2017-11-06 12:16:26,77.935
2017-11-06 12:16:48,77.96
2017-11-06 12:16:49,77.97
2017-11-06 12:16:50,77.97
2017-11-06 12:16:52,77.96
2017-11-06 12:16:53,77.96
2017-11-06 12:16:54,77.96
2017-11-06 12:16:59,77.96
2017-11-06 12:17:00,77.955
2017-11-06 12:17:04,77.955
2017-11-06 12:17:17,77.955
2017-11-06 12:17:28,77.955
2017-11-06 12:17:33,77.965
2017-11-06 12:17:36,77.965
2017-11-06 12:17:44,77.965
2017-11-06 12:17:49,77.965
2017-11-06 12:17:50,77.965
2017-11-06 12:17:52,77.975
2017-11-06 12:17:53,77.98
2017-11-06 12:17:55,77.98
2017-11-06 12:18:05,77.98
2017-11-06 12:18:08,77.98
2017-11-06 12:18:09,77.98
2017-11-06 12:18:14,77.96
2017-11-06 12:18:15,77.96
2017-11-06 12:18:16,77.96
2017-11-06 12:18:23,77.96
2017-11-06 12:18:30,77.96
2017-11-06 12:18:31,77.96
2017-11-06 12:18:38,77.96
2017-11-06 12:18:39,77.965
2017-11-06 12:18:40,77.965
2017-11-06 12:18:45,77.965
2017-11-06 12:18:54,77.965
2017-11-06 12:18:55,77.97
2017-11-06 12:18:56,77.97
2017-11-06 12:18:59,77.97
2017-11-06 12:19:00,77.965
2017-11-06 12:19:02,77.965
2017-11-06 12:19:04,77.955
2017-11-06 12:19:05,77.96
2017-11-06 12:19:07,77.96
2017-11-06 12:19:11,77.955
2017-11-06 12:19:13,77.955
2017-11-06 12:19:40,77.955
2017-11-06 12:19:57,77.965
2017-11-06 12:19:58,77.965
2017-11-06 12:19:59,77.965
2017-11-06 12:20:00,77.965
2017-11-06 12:20:04,77.965
2017-11-06 12:20:06,77.965
2017-11-06 12:20:07,77.97
2017-11-06 12:20:08,77.975
2017-11-06 12:20:09,77.975
2017-11-06 12:20:10,77.975
2017-11-06 12:20:11,77.975
2017-11-06 12:20:13,77.975
2017-11-06 12:20:16,77.975
2017-11-06 12:20:19,77.975
2017-11-06 12:20:26,77.975
2017-11-06 12:20:30,77.98
2017-11-06 12:20:32,77.98
2017-11-06 12:20:33,77.98
2017-11-06 12:20:40,77.98
2017-11-06 12:20:42,77.98
2017-11-06 12:20:45,77.98
2017-11-06 12:20:47,77.98
2017-11-06 12:20:50,77.965
2017-11-06 12:20:51,77.955
2017-11-06 12:20:53,77.955
2017-11-06 12:20:55,77.955
2017-11-06 12:21:00,77.945
2017-11-06 12:21:01,77.935
2017-11-06 12:21:03,77.935
2017-11-06 12:21:06,77.935
2017-11-06 12:21:07,77.935
2017-11-06 12:21:08,77.935
2017-11-06 12:21:09,77.925
2017-11-06 12:21:10,77.925
2017-11-06 12:21:13,77.925
2017-11-06 12:21:35,77.925
2017-11-06 12:21:42,77.925
2017-11-06 12:21:43,77.935
2017-11-06 12:21:44,77.935
2017-11-06 12:21:46,77.945
2017-11-06 12:21:49,77.945
2017-11-06 12:21:54,77.945
2017-11-06 12:21:57,77.94
2017-11-06 12:22:00,77.935
2017-11-06 12:22:27,77.935
2017-11-06 12:22:30,77.935
2017-11-06 12:22:31,77.945
2017-11-06 12:22:37,77.945
2017-11-06 12:22:46,77.945
2017-11-06 12:23:15,77.945
2017-11-06 12:23:29,77.945
2017-11-06 12:23:30,77.945
2017-11-06 12:23:43,77.945
2017-11-06 12:23:53,77.945
2017-11-06 12:23:58,77.915
2017-11-06 12:23:59,77.915
2017-11-06 12:24:00,77.925
2017-11-06 12:24:01,77.94
2017-11-06 12:24:02,77.935
2017-11-06 12:24:03,77.93
2017-11-06 12:24:09,77.935
2017-11-06 12:24:11,77.93
2017-11-06 12:24:16,77.935
2017-11-06 12:24:17,77.935
2017-11-06 12:24:19,77.935
2017-11-06 12:24:22,77.935
2017-11-06 12:24:23,77.935
2017-11-06 12:24:25,77.925
2017-11-06 12:24:28,77.925
2017-11-06 12:24:32,77.925
2017-11-06 12:24:35,77.925
2017-11-06 12:24:45,77.925
2017-11-06 12:24:48,77.925
2017-11-06 12:25:00,77.915
2017-11-06 12:25:01,77.915
2017-11-06 12:25:02,77.915
2017-11-06 12:25:06,77.915
2017-11-06 12:25:21,77.915
2017-11-06 12:25:43,77.935
2017-11-06 12:25:44,77.93
2017-11-06 12:25:45,77.935
2017-11-06 12:25:51,77.935
2017-11-06 12:26:00,77.94
2017-11-06 12:26:03,77.94
2017-11-06 12:26:05,77.945
2017-11-06 12:26:07,77.945
2017-11-06 12:26:09,77.945
2017-11-06 12:26:11,77.925
2017-11-06 12:26:24,77.925
2017-11-06 12:26:31,77.925
2017-11-06 12:26:32,77.925
2017-11-06 12:26:33,77.925
2017-11-06 12:26:37,77.925
2017-11-06 12:26:48,77.925
2017-11-06 12:26:49,77.915
2017-11-06 12:26:50,77.915
2017-11-06 12:26:52,77.905
2017-11-06 12:26:53,77.905
2017-11-06 12:26:56,77.885
2017-11-06 12:26:57,77.89
2017-11-06 12:26:58,77.89
2017-11-06 12:27:00,77.89
2017-11-06 12:27:02,77.895
2017-11-06 12:27:06,77.895
2017-11-06 12:27:12,77.895
2017-11-06 12:27:13,77.895
2017-11-06 12:27:14,77.895
2017-11-06 12:27:16,77.895
2017-11-06 12:27:19,77.895
2017-11-06 12:27:28,77.895
2017-11-06 12:27:29,77.895
2017-11-06 12:27:30,77.895
2017-11-06 12:27:32,77.885
2017-11-06 12:27:33,77.885
2017-11-06 12:27:50,77.88
2017-11-06 12:27:51,77.885
2017-11-06 12:27:52,77.87
2017-11-06 12:27:53,77.865
2017-11-06 12:27:54,77.865
2017-11-06 12:27:55,77.86
2017-11-06 12:27:56,77.86
2017-11-06 12:27:58,77.86
2017-11-06 12:28:01,77.86
2017-11-06 12:28:05,77.865
2017-11-06 12:28:10,77.865
2017-11-06 12:28:11,77.865
2017-11-06 12:28:12,77.875
2017-11-06 12:28:15,77.885
2017-11-06 12:28:16,77.885
2017-11-06 12:28:18,77.885
2017-11-06 12:28:22,77.89
2017-11-06 12:28:26,77.895
2017-11-06 12:28:28,77.895
2017-11-06 12:28:29,77.895
2017-11-06 12:28:30,77.895
2017-11-06 12:28:32,77.885
2017-11-06 12:28:49,77.885
2017-11-06 12:28:53,77.89
2017-11-06 12:28:54,77.89
2017-11-06 12:28:55,77.885
2017-11-06 12:28:59,77.885
2017-11-06 12:29:07,77.885
2017-11-06 12:29:09,77.885
2017-11-06 12:29:15,77.89
2017-11-06 12:29:17,77.89
2017-11-06 12:29:21,77.895
2017-11-06 12:29:22,77.89
2017-11-06 12:29:25,77.89
2017-11-06 12:29:34,77.89
2017-11-06 12:29:44,77.88
2017-11-06 12:29:47,77.885
2017-11-06 12:29:53,77.885
2017-11-06 12:29:55,77.885
2017-11-06 12:30:01,77.885
2017-11-06 12:30:27,77.885
2017-11-06 12:30:34,77.885
2017-11-06 12:30:49,77.885
2017-11-06 12:30:50,77.885
2017-11-06 12:30:56,77.875
2017-11-06 12:30:57,77.875
2017-11-06 12:31:04,77.865
2017-11-06 12:31:05,77.855
2017-11-06 12:31:07,77.865
2017-11-06 12:31:09,77.855
2017-11-06 12:31:10,77.855
2017-11-06 12:31:11,77.855
2017-11-06 12:31:14,77.865
2017-11-06 12:31:19,77.865
2017-11-06 12:31:29,77.865
2017-11-06 12:31:30,77.865
2017-11-06 12:31:49,77.865
2017-11-06 12:31:53,77.865
2017-11-06 12:31:56,77.875
2017-11-06 12:31:57,77.875
2017-11-06 12:31:59,77.855
2017-11-06 12:32:02,77.855
2017-11-06 12:32:03,77.87
2017-11-06 12:32:04,77.87
2017-11-06 12:32:08,77.87
2017-11-06 12:32:13,77.865
2017-11-06 12:32:14,77.865
2017-11-06 12:32:15,77.87
2017-11-06 12:32:28,77.855
2017-11-06 12:32:30,77.855
2017-11-06 12:32:31,77.855
2017-11-06 12:32:36,77.835
2017-11-06 12:32:37,77.835
2017-11-06 12:32:42,77.835
2017-11-06 12:32:59,77.835
2017-11-06 12:33:02,77.84
2017-11-06 12:33:04,77.845
2017-11-06 12:33:09,77.845
2017-11-06 12:33:13,77.845
2017-11-06 12:33:18,77.845
2017-11-06 12:33:21,77.855
2017-11-06 12:33:30,77.855
2017-11-06 12:33:44,77.855
2017-11-06 12:33:45,77.855
2017-11-06 12:33:56,77.835
2017-11-06 12:33:57,77.835
2017-11-06 12:33:59,77.835
2017-11-06 12:34:01,77.845
2017-11-06 12:34:03,77.845
2017-11-06 12:34:04,77.85
2017-11-06 12:34:08,77.87
2017-11-06 12:34:09,77.86
2017-11-06 12:34:17,77.86
2017-11-06 12:34:18,77.855
2017-11-06 12:34:19,77.84
2017-11-06 12:34:21,77.835
2017-11-06 12:34:23,77.84
2017-11-06 12:34:29,77.84
2017-11-06 12:34:35,77.845
2017-11-06 12:34:37,77.845
2017-11-06 12:34:38,77.86
2017-11-06 12:34:42,77.865
2017-11-06 12:34:45,77.87
2017-11-06 12:34:48,77.855
2017-11-06 12:34:49,77.845
2017-11-06 12:34:50,77.845
2017-11-06 12:34:52,77.845
2017-11-06 12:35:00,77.835
2017-11-06 12:35:05,77.835
2017-11-06 12:35:06,77.835
2017-11-06 12:35:07,77.835
2017-11-06 12:35:15,77.835
2017-11-06 12:35:18,77.835
2017-11-06 12:35:29,77.845
2017-11-06 12:35:31,77.855
2017-11-06 12:35:32,77.85
2017-11-06 12:35:35,77.855
2017-11-06 12:35:38,77.845
2017-11-06 12:35:44,77.845
2017-11-06 12:35:46,77.845
2017-11-06 12:36:00,77.845
2017-11-06 12:36:01,77.845
2017-11-06 12:36:04,77.855
2017-11-06 12:36:06,77.855
2017-11-06 12:36:08,77.855
2017-11-06 12:36:14,77.855
2017-11-06 12:36:17,77.855
2017-11-06 12:36:20,77.86
2017-11-06 12:36:22,77.865
2017-11-06 12:36:26,77.865
2017-11-06 12:36:28,77.865
2017-11-06 12:36:33,77.865
2017-11-06 12:36:38,77.865
2017-11-06 12:36:39,77.865
2017-11-06 12:36:43,77.865
2017-11-06 12:36:51,77.855
2017-11-06 12:36:54,77.855
2017-11-06 12:36:56,77.855
2017-11-06 12:36:58,77.85
2017-11-06 12:36:59,77.855
2017-11-06 12:37:01,77.865
2017-11-06 12:37:07,77.86
2017-11-06 12:37:08,77.86
2017-11-06 12:37:09,77.865
2017-11-06 12:37:25,77.865
2017-11-06 12:37:29,77.865
2017-11-06 12:37:52,77.865
2017-11-06 12:37:55,77.865
2017-11-06 12:38:02,77.865
2017-11-06 12:38:03,77.865
2017-11-06 12:38:04,77.865
2017-11-06 12:38:09,77.865
2017-11-06 12:38:11,77.865
2017-11-06 12:38:12,77.855
2017-11-06 12:38:13,77.855
2017-11-06 12:38:15,77.855
2017-11-06 12:38:16,77.86
2017-11-06 12:38:23,77.86
2017-11-06 12:38:25,77.86
2017-11-06 12:38:29,77.865
2017-11-06 12:38:33,77.865
2017-11-06 12:38:34,77.865
2017-11-06 12:38:38,77.865
2017-11-06 12:38:40,77.865
2017-11-06 12:38:45,77.87
2017-11-06 12:38:46,77.875
2017-11-06 12:38:47,77.875
2017-11-06 12:38:49,77.875
2017-11-06 12:38:50,77.875
2017-11-06 12:38:51,77.875
2017-11-06 12:38:57,77.875
2017-11-06 12:39:00,77.875
2017-11-06 12:39:04,77.875
2017-11-06 12:39:05,77.875
2017-11-06 12:39:11,77.865
2017-11-06 12:39:12,77.865
2017-11-06 12:39:16,77.865
2017-11-06 12:39:20,77.865
2017-11-06 12:39:22,77.865
2017-11-06 12:39:24,77.865
2017-11-06 12:39:25,77.865
2017-11-06 12:39:30,77.865
2017-11-06 12:39:39,77.855
2017-11-06 12:39:40,77.855
2017-11-06 12:39:41,77.855
2017-11-06 12:39:44,77.855
2017-11-06 12:39:45,77.855
2017-11-06 12:39:46,77.855
2017-11-06 12:39:51,77.865
2017-11-06 12:39:54,77.88
2017-11-06 12:39:55,77.88
2017-11-06 12:39:56,77.875
2017-11-06 12:39:58,77.875
2017-11-06 12:40:01,77.865
2017-11-06 12:40:02,77.855
2017-11-06 12:40:03,77.855
2017-11-06 12:40:04,77.855
2017-11-06 12:40:05,77.855
2017-11-06 12:40:09,77.855
2017-11-06 12:40:12,77.855
2017-11-06 12:40:13,77.865
2017-11-06 12:40:18,77.865
2017-11-06 12:40:25,77.865
2017-11-06 12:40:27,77.865
2017-11-06 12:40:40,77.865
2017-11-06 12:40:48,77.865
2017-11-06 12:40:51,77.875
2017-11-06 12:40:52,77.875
2017-11-06 12:40:53,77.875
2017-11-06 12:40:55,77.875
2017-11-06 12:40:56,77.875
2017-11-06 12:41:01,77.875
2017-11-06 12:41:03,77.875
2017-11-06 12:41:05,77.875
2017-11-06 12:41:08,77.875
2017-11-06 12:41:14,77.88
2017-11-06 12:41:15,77.865
2017-11-06 12:41:16,77.865
2017-11-06 12:41:18,77.865
2017-11-06 12:41:21,77.865
2017-11-06 12:41:24,77.865
2017-11-06 12:41:26,77.865
2017-11-06 12:41:31,77.875
2017-11-06 12:41:33,77.875
2017-11-06 12:41:34,77.885
2017-11-06 12:41:36,77.875
2017-11-06 12:41:37,77.875
2017-11-06 12:41:38,77.885
2017-11-06 12:41:43,77.895
2017-11-06 12:41:44,77.885
2017-11-06 12:41:45,77.885
2017-11-06 12:41:47,77.885
2017-11-06 12:41:48,77.885
2017-11-06 12:41:49,77.88
2017-11-06 12:41:54,77.885
2017-11-06 12:41:56,77.875
2017-11-06 12:42:03,77.875
2017-11-06 12:42:09,77.875
2017-11-06 12:42:10,77.875
2017-11-06 12:42:12,77.875
2017-11-06 12:42:13,77.875
2017-11-06 12:42:14,77.875
2017-11-06 12:42:16,77.875
2017-11-06 12:42:19,77.885
2017-11-06 12:42:21,77.885
2017-11-06 12:42:30,77.89
2017-11-06 12:42:31,77.89
2017-11-06 12:42:36,77.905
2017-11-06 12:42:40,77.905
2017-11-06 12:42:44,77.905
2017-11-06 12:42:45,77.905
2017-11-06 12:42:46,77.905
2017-11-06 12:42:47,77.885
2017-11-06 12:42:48,77.885
2017-11-06 12:42:54,77.885
2017-11-06 12:42:57,77.885
2017-11-06 12:43:01,77.885
2017-11-06 12:43:08,77.885
2017-11-06 12:43:09,77.885
2017-11-06 12:43:11,77.885
2017-11-06 12:43:24,77.885
2017-11-06 12:43:32,77.895
2017-11-06 12:43:36,77.895
2017-11-06 12:43:50,77.895
2017-11-06 12:43:57,77.895
2017-11-06 12:43:58,77.905
2017-11-06 12:44:03,77.905
2017-11-06 12:44:05,77.905
2017-11-06 12:44:09,77.905
2017-11-06 12:44:10,77.915
2017-11-06 12:44:13,77.925
2017-11-06 12:44:14,77.925
2017-11-06 12:44:15,77.915
2017-11-06 12:44:25,77.915
2017-11-06 12:44:27,77.915
2017-11-06 12:44:29,77.915
2017-11-06 12:44:31,77.895
2017-11-06 12:44:32,77.895
2017-11-06 12:44:45,77.895
2017-11-06 12:44:47,77.895
2017-11-06 12:44:52,77.895
2017-11-06 12:45:02,77.895
2017-11-06 12:45:04,77.895
2017-11-06 12:45:19,77.895
2017-11-06 12:45:25,77.895
2017-11-06 12:45:26,77.895
2017-11-06 12:45:30,77.895
2017-11-06 12:45:35,77.895
2017-11-06 12:45:38,77.895
2017-11-06 12:45:45,77.905
2017-11-06 12:45:48,77.905
2017-11-06 12:45:55,77.905
2017-11-06 12:45:56,77.905
2017-11-06 12:46:00,77.885
2017-11-06 12:46:02,77.885
2017-11-06 12:46:04,77.875
2017-11-06 12:46:05,77.875
2017-11-06 12:46:06,77.875
2017-11-06 12:46:07,77.875
2017-11-06 12:46:08,77.875
2017-11-06 12:46:16,77.875
2017-11-06 12:46:22,77.875
2017-11-06 12:46:27,77.875
2017-11-06 12:46:29,77.875
2017-11-06 12:46:30,77.865
2017-11-06 12:46:34,77.865
2017-11-06 12:46:41,77.875
2017-11-06 12:46:46,77.875
2017-11-06 12:46:49,77.875
2017-11-06 12:46:54,77.885
2017-11-06 12:46:55,77.885
2017-11-06 12:46:59,77.875
2017-11-06 12:47:00,77.875
2017-11-06 12:47:01,77.875
2017-11-06 12:47:02,77.875
2017-11-06 12:47:03,77.875
2017-11-06 12:47:06,77.875
2017-11-06 12:47:08,77.875
2017-11-06 12:47:09,77.875
2017-11-06 12:47:10,77.875
2017-11-06 12:47:13,77.875
2017-11-06 12:47:16,77.875
2017-11-06 12:47:18,77.875
2017-11-06 12:47:20,77.875
2017-11-06 12:47:22,77.875
2017-11-06 12:47:29,77.875
2017-11-06 12:47:30,77.875
2017-11-06 12:47:35,77.89
2017-11-06 12:47:37,77.895
2017-11-06 12:47:38,77.895
2017-11-06 12:47:43,77.895
2017-11-06 12:47:44,77.895
2017-11-06 12:47:47,77.895
2017-11-06 12:47:48,77.895
2017-11-06 12:47:51,77.905
2017-11-06 12:47:53,77.905
2017-11-06 12:47:55,77.905
2017-11-06 12:48:00,77.905
2017-11-06 12:48:01,77.905
2017-11-06 12:48:02,77.905
2017-11-06 12:48:09,77.905
2017-11-06 12:48:15,77.905
2017-11-06 12:48:19,77.905
2017-11-06 12:48:21,77.905
2017-11-06 12:48:23,77.895
2017-11-06 12:48:31,77.895
2017-11-06 12:48:32,77.895
2017-11-06 12:48:35,77.885
2017-11-06 12:48:36,77.885
2017-11-06 12:48:42,77.885
2017-11-06 12:48:43,77.885
2017-11-06 12:48:45,77.885
2017-11-06 12:48:49,77.885
2017-11-06 12:48:53,77.875
2017-11-06 12:48:57,77.875
2017-11-06 12:48:58,77.865
2017-11-06 12:48:59,77.865
2017-11-06 12:49:00,77.865
2017-11-06 12:49:02,77.865
2017-11-06 12:49:05,77.865
2017-11-06 12:49:11,77.885
2017-11-06 12:49:13,77.885
2017-11-06 12:49:15,77.885
2017-11-06 12:49:17,77.885
2017-11-06 12:49:29,77.885
2017-11-06 12:49:30,77.885
2017-11-06 12:49:33,77.875
2017-11-06 12:49:38,77.875
2017-11-06 12:49:39,77.875
2017-11-06 12:49:41,77.875
2017-11-06 12:49:43,77.875
2017-11-06 12:49:47,77.865
2017-11-06 12:49:49,77.865
2017-11-06 12:49:50,77.855
2017-11-06 12:49:51,77.855
2017-11-06 12:49:53,77.865
2017-11-06 12:49:54,77.865
2017-11-06 12:50:00,77.865
2017-11-06 12:50:02,77.865
2017-11-06 12:50:03,77.865
2017-11-06 12:50:06,77.855
2017-11-06 12:50:07,77.865
2017-11-06 12:50:15,77.86
2017-11-06 12:50:21,77.865
2017-11-06 12:50:26,77.865
2017-11-06 12:50:27,77.865
2017-11-06 12:50:28,77.865
2017-11-06 12:50:31,77.865
2017-11-06 12:50:32,77.865
2017-11-06 12:50:41,77.865
2017-11-06 12:50:42,77.875
2017-11-06 12:50:47,77.875
2017-11-06 12:50:51,77.875
2017-11-06 12:50:52,77.875
2017-11-06 12:50:53,77.875
2017-11-06 12:50:54,77.875
2017-11-06 12:50:56,77.875
2017-11-06 12:51:05,77.875
2017-11-06 12:51:06,77.875
2017-11-06 12:51:09,77.875
2017-11-06 12:51:11,77.875
2017-11-06 12:51:13,77.865
2017-11-06 12:51:16,77.855
2017-11-06 12:51:18,77.855
2017-11-06 12:51:22,77.855
2017-11-06 12:51:30,77.855
2017-11-06 12:51:41,77.855
2017-11-06 12:51:43,77.855
2017-11-06 12:51:46,77.855
2017-11-06 12:51:52,77.855
2017-11-06 12:51:59,77.855
2017-11-06 12:52:01,77.855
2017-11-06 12:52:02,77.855
2017-11-06 12:52:04,77.855
2017-11-06 12:52:05,77.865
2017-11-06 12:52:06,77.865
2017-11-06 12:52:07,77.865
2017-11-06 12:52:08,77.865
2017-11-06 12:52:10,77.855
2017-11-06 12:52:11,77.855
2017-11-06 12:52:12,77.855
2017-11-06 12:52:13,77.855
2017-11-06 12:52:14,77.855
2017-11-06 12:52:21,77.855
2017-11-06 12:52:25,77.865
2017-11-06 12:52:40,77.865
2017-11-06 12:52:47,77.865
2017-11-06 12:53:01,77.865
2017-11-06 12:53:04,77.865
2017-11-06 12:53:07,77.865
2017-11-06 12:53:08,77.865
2017-11-06 12:53:21,77.865
2017-11-06 12:53:23,77.865
2017-11-06 12:53:24,77.865
2017-11-06 12:53:27,77.865
2017-11-06 12:53:28,77.865
2017-11-06 12:53:31,77.865
2017-11-06 12:53:32,77.865
2017-11-06 12:53:33,77.865
2017-11-06 12:53:43,77.865
2017-11-06 12:53:47,77.865
2017-11-06 12:53:59,77.855
2017-11-06 12:54:05,77.855
2017-11-06 12:54:08,77.855
2017-11-06 12:54:09,77.855
2017-11-06 12:54:14,77.855
2017-11-06 12:54:17,77.855
2017-11-06 12:54:20,77.855
2017-11-06 12:54:21,77.855
2017-11-06 12:54:27,77.855
2017-11-06 12:54:30,77.855
2017-11-06 12:54:38,77.855
2017-11-06 12:54:43,77.855
2017-11-06 12:54:47,77.855
2017-11-06 12:54:48,77.855
2017-11-06 12:54:49,77.855
2017-11-06 12:54:54,77.855
2017-11-06 12:55:01,77.855
2017-11-06 12:55:04,77.855
2017-11-06 12:55:10,77.855
2017-11-06 12:55:11,77.845
2017-11-06 12:55:12,77.835
2017-11-06 12:55:13,77.835
2017-11-06 12:55:14,77.835
2017-11-06 12:55:15,77.835
2017-11-06 12:55:17,77.825
2017-11-06 12:55:19,77.835
2017-11-06 12:55:23,77.835
2017-11-06 12:55:24,77.835
2017-11-06 12:55:28,77.825
2017-11-06 12:55:30,77.825
2017-11-06 12:55:34,77.825
2017-11-06 12:55:35,77.815
2017-11-06 12:55:36,77.815
2017-11-06 12:55:40,77.815
2017-11-06 12:55:44,77.815
2017-11-06 12:55:51,77.815
2017-11-06 12:55:55,77.815
2017-11-06 12:56:08,77.83
2017-11-06 12:56:09,77.835
2017-11-06 12:56:11,77.835
2017-11-06 12:56:12,77.835
2017-11-06 12:56:14,77.825
2017-11-06 12:56:18,77.825
2017-11-06 12:56:19,77.835
2017-11-06 12:56:20,77.835
2017-11-06 12:56:22,77.835
2017-11-06 12:56:24,77.845
2017-11-06 12:56:25,77.845
2017-11-06 12:56:26,77.845
2017-11-06 12:56:27,77.845
2017-11-06 12:56:29,77.835
2017-11-06 12:56:30,77.835
2017-11-06 12:56:32,77.835
2017-11-06 12:56:35,77.835
2017-11-06 12:56:40,77.845
2017-11-06 12:56:41,77.845
2017-11-06 12:56:43,77.845
2017-11-06 12:56:44,77.845
2017-11-06 12:56:45,77.845
2017-11-06 12:56:46,77.845
2017-11-06 12:56:49,77.845
2017-11-06 12:56:51,77.845
2017-11-06 12:56:52,77.845
2017-11-06 12:56:53,77.835
2017-11-06 12:56:55,77.835
2017-11-06 12:56:59,77.835
2017-11-06 12:57:04,77.835
2017-11-06 12:57:05,77.835
2017-11-06 12:57:06,77.835
2017-11-06 12:57:10,77.835
2017-11-06 12:57:11,77.835
2017-11-06 12:57:12,77.835
2017-11-06 12:57:13,77.84
2017-11-06 12:57:16,77.845
2017-11-06 12:57:27,77.845
2017-11-06 12:57:28,77.835
2017-11-06 12:57:29,77.825
2017-11-06 12:57:31,77.83
2017-11-06 12:57:34,77.83
2017-11-06 12:57:38,77.835
2017-11-06 12:57:39,77.84
2017-11-06 12:57:40,77.84
2017-11-06 12:57:41,77.845
2017-11-06 12:57:42,77.85
2017-11-06 12:57:44,77.855
2017-11-06 12:57:46,77.855
2017-11-06 12:57:49,77.855
2017-11-06 12:57:50,77.855
2017-11-06 12:57:54,77.855
2017-11-06 12:57:56,77.855
2017-11-06 12:58:01,77.855
2017-11-06 12:58:02,77.855
2017-11-06 12:58:07,77.855
2017-11-06 12:58:10,77.855
2017-11-06 12:58:24,77.855
2017-11-06 12:58:25,77.855
2017-11-06 12:58:27,77.855
2017-11-06 12:58:30,77.855
2017-11-06 12:58:31,77.855
2017-11-06 12:58:37,77.855
2017-11-06 12:58:41,77.845
2017-11-06 12:58:42,77.845
2017-11-06 12:58:44,77.845
2017-11-06 12:58:45,77.84
2017-11-06 12:58:46,77.84
2017-11-06 12:58:50,77.845
2017-11-06 12:58:52,77.845
2017-11-06 12:58:53,77.855
2017-11-06 12:59:06,77.855
2017-11-06 12:59:07,77.855
2017-11-06 12:59:08,77.855
2017-11-06 12:59:09,77.855
2017-11-06 12:59:21,77.855
2017-11-06 12:59:22,77.85
2017-11-06 12:59:23,77.855
2017-11-06 12:59:26,77.855
2017-11-06 12:59:27,77.855
2017-11-06 12:59:28,77.855
2017-11-06 12:59:35,77.855
2017-11-06 12:59:39,77.855
2017-11-06 12:59:43,77.845
2017-11-06 12:59:44,77.835
