Date,Price
2017-01-06 13:00:00,33.625
2017-01-06 13:00:01,33.625
2017-01-06 13:00:02,33.625
2017-01-06 13:00:03,33.625
2017-01-06 13:00:04,33.625
2017-01-06 13:00:05,33.625
2017-01-06 13:00:06,33.625
2017-01-06 13:00:07,33.625
2017-01-06 13:00:08,33.625
2017-01-06 13:00:09,33.625
2017-01-06 13:00:11,33.625
2017-01-06 13:00:12,33.635
2017-01-06 13:00:13,33.635
2017-01-06 13:00:14,33.635
2017-01-06 13:00:15,33.635
2017-01-06 13:00:16,33.635
2017-01-06 13:00:17,33.635
2017-01-06 13:00:18,33.635
2017-01-06 13:00:19,33.635
2017-01-06 13:00:20,33.635
2017-01-06 13:00:21,33.635
2017-01-06 13:00:22,33.635
2017-01-06 13:00:23,33.635
2017-01-06 13:00:24,33.635
2017-01-06 13:00:25,33.635
2017-01-06 13:00:27,33.635
2017-01-06 13:00:28,33.635
2017-01-06 13:00:29,33.635
2017-01-06 13:00:30,33.635
2017-01-06 13:00:31,33.635
2017-01-06 13:00:32,33.635
2017-01-06 13:00:33,33.635
2017-01-06 13:00:34,33.635
2017-01-06 13:00:35,33.635
2017-01-06 13:00:36,33.635
2017-01-06 13:00:37,33.635
2017-01-06 13:00:38,33.635
2017-01-06 13:00:39,33.635
2017-01-06 13:00:40,33.635
2017-01-06 13:00:41,33.635
2017-01-06 13:00:42,33.635
2017-01-06 13:00:43,33.635
2017-01-06 13:00:44,33.635
2017-01-06 13:00:45,33.635
2017-01-06 13:00:46,33.635
2017-01-06 13:00:47,33.635
2017-01-06 13:00:48,33.635
2017-01-06 13:00:49,33.625
2017-01-06 13:00:50,33.625
2017-01-06 13:00:52,33.625
2017-01-06 13:00:53,33.625
2017-01-06 13:00:54,33.625
2017-01-06 13:00:55,33.625
2017-01-06 13:00:57,33.625
2017-01-06 13:00:58,33.625
2017-01-06 13:00:59,33.625
2017-01-06 13:01:01,33.625
2017-01-06 13:01:04,33.625
2017-01-06 13:01:10,33.625
2017-01-06 13:01:11,33.625
2017-01-06 13:01:12,33.625
2017-01-06 13:01:13,33.625
2017-01-06 13:01:14,33.625
2017-01-06 13:01:15,33.625
2017-01-06 13:01:16,33.625
2017-01-06 13:01:17,33.625
2017-01-06 13:01:18,33.625
2017-01-06 13:01:20,33.625
2017-01-06 13:01:21,33.625
2017-01-06 13:01:22,33.625
2017-01-06 13:01:23,33.625
2017-01-06 13:01:24,33.625
2017-01-06 13:01:25,33.635
2017-01-06 13:01:26,33.635
2017-01-06 13:01:27,33.635
2017-01-06 13:01:28,33.635
2017-01-06 13:01:29,33.635
2017-01-06 13:01:30,33.635
2017-01-06 13:01:32,33.625
2017-01-06 13:01:33,33.625
2017-01-06 13:01:37,33.625
2017-01-06 13:01:39,33.625
2017-01-06 13:01:40,33.625
2017-01-06 13:01:41,33.625
2017-01-06 13:01:42,33.625
2017-01-06 13:01:47,33.625
2017-01-06 13:01:48,33.625
2017-01-06 13:01:49,33.625
2017-01-06 13:01:52,33.625
2017-01-06 13:01:53,33.625
2017-01-06 13:01:55,33.625
2017-01-06 13:01:58,33.625
2017-01-06 13:01:59,33.625
2017-01-06 13:02:00,33.625
2017-01-06 13:02:01,33.625
2017-01-06 13:02:02,33.625
2017-01-06 13:02:03,33.625
2017-01-06 13:02:04,33.625
2017-01-06 13:02:05,33.625
2017-01-06 13:02:06,33.625
2017-01-06 13:02:07,33.625
2017-01-06 13:02:08,33.625
2017-01-06 13:02:09,33.625
2017-01-06 13:02:10,33.625
2017-01-06 13:02:11,33.625
2017-01-06 13:02:12,33.625
2017-01-06 13:02:13,33.625
2017-01-06 13:02:14,33.625
2017-01-06 13:02:15,33.625
2017-01-06 13:02:16,33.625
2017-01-06 13:02:17,33.625
2017-01-06 13:02:18,33.625
2017-01-06 13:02:21,33.625
2017-01-06 13:02:23,33.625
2017-01-06 13:02:24,33.635
2017-01-06 13:02:25,33.635
2017-01-06 13:02:26,33.635
2017-01-06 13:02:27,33.635
2017-01-06 13:02:28,33.635
2017-01-06 13:02:29,33.635
2017-01-06 13:02:30,33.635
2017-01-06 13:02:31,33.635
2017-01-06 13:02:32,33.635
2017-01-06 13:02:33,33.635
2017-01-06 13:02:34,33.635
2017-01-06 13:02:35,33.635
2017-01-06 13:02:36,33.635
2017-01-06 13:02:37,33.635
2017-01-06 13:02:38,33.635
2017-01-06 13:02:39,33.635
2017-01-06 13:02:40,33.635
2017-01-06 13:02:41,33.635
2017-01-06 13:02:42,33.635
2017-01-06 13:02:44,33.635
2017-01-06 13:02:45,33.635
2017-01-06 13:02:46,33.635
2017-01-06 13:02:47,33.635
2017-01-06 13:02:48,33.635
2017-01-06 13:02:49,33.635
2017-01-06 13:02:50,33.635
2017-01-06 13:02:51,33.635
2017-01-06 13:02:52,33.635
2017-01-06 13:02:53,33.635
2017-01-06 13:02:54,33.635
2017-01-06 13:02:55,33.635
2017-01-06 13:02:56,33.635
2017-01-06 13:02:57,33.635
2017-01-06 13:02:58,33.635
2017-01-06 13:02:59,33.635
2017-01-06 13:03:00,33.635
2017-01-06 13:03:01,33.635
2017-01-06 13:03:03,33.635
2017-01-06 13:03:05,33.635
2017-01-06 13:03:06,33.635
2017-01-06 13:03:07,33.635
2017-01-06 13:03:08,33.635
2017-01-06 13:03:09,33.635
2017-01-06 13:03:10,33.635
2017-01-06 13:03:11,33.635
2017-01-06 13:03:12,33.635
2017-01-06 13:03:13,33.635
2017-01-06 13:03:14,33.635
2017-01-06 13:03:16,33.635
2017-01-06 13:03:17,33.635
2017-01-06 13:03:18,33.635
2017-01-06 13:03:19,33.635
2017-01-06 13:03:22,33.635
2017-01-06 13:03:23,33.635
2017-01-06 13:03:24,33.635
2017-01-06 13:03:25,33.635
2017-01-06 13:03:26,33.635
2017-01-06 13:03:29,33.635
2017-01-06 13:03:33,33.635
2017-01-06 13:03:34,33.635
2017-01-06 13:03:36,33.635
2017-01-06 13:03:37,33.635
2017-01-06 13:03:39,33.635
2017-01-06 13:03:44,33.635
2017-01-06 13:03:45,33.635
2017-01-06 13:03:47,33.635
2017-01-06 13:03:48,33.635
2017-01-06 13:03:49,33.635
2017-01-06 13:03:50,33.635
2017-01-06 13:03:52,33.635
2017-01-06 13:03:55,33.635
2017-01-06 13:03:56,33.635
2017-01-06 13:03:59,33.635
2017-01-06 13:04:00,33.635
2017-01-06 13:04:02,33.635
2017-01-06 13:04:03,33.635
2017-01-06 13:04:04,33.635
2017-01-06 13:04:05,33.635
2017-01-06 13:04:08,33.635
2017-01-06 13:04:09,33.635
2017-01-06 13:04:10,33.635
2017-01-06 13:04:11,33.635
2017-01-06 13:04:12,33.635
2017-01-06 13:04:15,33.635
2017-01-06 13:04:17,33.635
2017-01-06 13:04:18,33.635
2017-01-06 13:04:20,33.635
2017-01-06 13:04:23,33.635
2017-01-06 13:04:24,33.635
2017-01-06 13:04:25,33.635
2017-01-06 13:04:26,33.635
2017-01-06 13:04:27,33.635
2017-01-06 13:04:28,33.635
2017-01-06 13:04:30,33.635
2017-01-06 13:04:31,33.635
2017-01-06 13:04:32,33.635
2017-01-06 13:04:38,33.635
2017-01-06 13:04:39,33.635
2017-01-06 13:04:40,33.635
2017-01-06 13:04:41,33.635
2017-01-06 13:04:42,33.635
2017-01-06 13:04:43,33.635
2017-01-06 13:04:44,33.635
2017-01-06 13:04:46,33.635
2017-01-06 13:04:49,33.635
2017-01-06 13:04:51,33.635
2017-01-06 13:04:52,33.635
2017-01-06 13:04:54,33.635
2017-01-06 13:04:55,33.635
2017-01-06 13:04:56,33.635
2017-01-06 13:04:57,33.635
2017-01-06 13:04:58,33.635
2017-01-06 13:04:59,33.635
2017-01-06 13:05:00,33.635
2017-01-06 13:05:01,33.635
2017-01-06 13:05:02,33.635
2017-01-06 13:05:03,33.635
2017-01-06 13:05:04,33.635
2017-01-06 13:05:05,33.635
2017-01-06 13:05:06,33.635
2017-01-06 13:05:07,33.635
2017-01-06 13:05:08,33.635
2017-01-06 13:05:09,33.635
2017-01-06 13:05:10,33.635
2017-01-06 13:05:11,33.635
2017-01-06 13:05:12,33.635
2017-01-06 13:05:13,33.635
2017-01-06 13:05:14,33.635
2017-01-06 13:05:15,33.635
2017-01-06 13:05:16,33.635
2017-01-06 13:05:17,33.635
2017-01-06 13:05:18,33.635
2017-01-06 13:05:19,33.635
2017-01-06 13:05:20,33.635
2017-01-06 13:05:21,33.635
2017-01-06 13:05:23,33.635
2017-01-06 13:05:24,33.635
2017-01-06 13:05:25,33.635
2017-01-06 13:05:27,33.635
2017-01-06 13:05:29,33.635
2017-01-06 13:05:30,33.635
2017-01-06 13:05:31,33.635
2017-01-06 13:05:32,33.635
2017-01-06 13:05:34,33.635
2017-01-06 13:05:35,33.635
2017-01-06 13:05:37,33.635
2017-01-06 13:05:38,33.635
2017-01-06 13:05:39,33.635
2017-01-06 13:05:40,33.635
2017-01-06 13:05:41,33.635
2017-01-06 13:05:42,33.635
2017-01-06 13:05:44,33.635
2017-01-06 13:05:46,33.635
2017-01-06 13:05:47,33.635
2017-01-06 13:05:49,33.635
2017-01-06 13:05:52,33.635
2017-01-06 13:05:53,33.635
2017-01-06 13:05:55,33.635
2017-01-06 13:05:57,33.635
2017-01-06 13:05:58,33.635
2017-01-06 13:05:59,33.635
2017-01-06 13:06:00,33.635
2017-01-06 13:06:01,33.635
2017-01-06 13:06:02,33.635
2017-01-06 13:06:03,33.635
2017-01-06 13:06:04,33.635
2017-01-06 13:06:05,33.635
2017-01-06 13:06:06,33.635
2017-01-06 13:06:07,33.635
2017-01-06 13:06:08,33.635
2017-01-06 13:06:10,33.635
2017-01-06 13:06:11,33.635
2017-01-06 13:06:13,33.635
2017-01-06 13:06:14,33.635
2017-01-06 13:06:16,33.635
2017-01-06 13:06:17,33.635
2017-01-06 13:06:19,33.635
2017-01-06 13:06:20,33.635
2017-01-06 13:06:21,33.635
2017-01-06 13:06:22,33.635
2017-01-06 13:06:23,33.635
2017-01-06 13:06:24,33.635
2017-01-06 13:06:25,33.635
2017-01-06 13:06:26,33.635
2017-01-06 13:06:27,33.635
2017-01-06 13:06:32,33.635
2017-01-06 13:06:33,33.635
2017-01-06 13:06:34,33.635
2017-01-06 13:06:35,33.635
2017-01-06 13:06:36,33.635
2017-01-06 13:06:38,33.635
2017-01-06 13:06:42,33.635
2017-01-06 13:06:43,33.635
2017-01-06 13:06:44,33.635
2017-01-06 13:06:45,33.635
2017-01-06 13:06:48,33.635
2017-01-06 13:06:50,33.635
2017-01-06 13:06:53,33.625
2017-01-06 13:06:54,33.625
2017-01-06 13:06:55,33.625
2017-01-06 13:06:56,33.625
2017-01-06 13:06:57,33.625
2017-01-06 13:06:59,33.625
2017-01-06 13:07:00,33.625
2017-01-06 13:07:02,33.625
2017-01-06 13:07:04,33.625
2017-01-06 13:07:07,33.625
2017-01-06 13:07:12,33.625
2017-01-06 13:07:13,33.625
2017-01-06 13:07:14,33.625
2017-01-06 13:07:15,33.625
2017-01-06 13:07:16,33.625
2017-01-06 13:07:17,33.625
2017-01-06 13:07:18,33.625
2017-01-06 13:07:21,33.625
2017-01-06 13:07:22,33.625
2017-01-06 13:07:26,33.625
2017-01-06 13:07:31,33.625
2017-01-06 13:07:32,33.625
2017-01-06 13:07:33,33.625
2017-01-06 13:07:34,33.625
2017-01-06 13:07:35,33.625
2017-01-06 13:07:36,33.625
2017-01-06 13:07:37,33.625
2017-01-06 13:07:38,33.625
2017-01-06 13:07:39,33.625
2017-01-06 13:07:40,33.615
2017-01-06 13:07:41,33.615
2017-01-06 13:07:42,33.615
2017-01-06 13:07:43,33.615
2017-01-06 13:07:44,33.615
2017-01-06 13:07:45,33.615
2017-01-06 13:07:46,33.615
2017-01-06 13:07:47,33.615
2017-01-06 13:07:52,33.615
2017-01-06 13:07:54,33.615
2017-01-06 13:07:55,33.615
2017-01-06 13:07:56,33.615
2017-01-06 13:07:57,33.615
2017-01-06 13:07:58,33.615
2017-01-06 13:07:59,33.615
2017-01-06 13:08:00,33.615
2017-01-06 13:08:01,33.615
2017-01-06 13:08:02,33.615
2017-01-06 13:08:03,33.615
2017-01-06 13:08:04,33.615
2017-01-06 13:08:05,33.615
2017-01-06 13:08:06,33.615
2017-01-06 13:08:07,33.615
2017-01-06 13:08:08,33.615
2017-01-06 13:08:09,33.615
2017-01-06 13:08:10,33.615
2017-01-06 13:08:11,33.615
2017-01-06 13:08:12,33.615
2017-01-06 13:08:14,33.615
2017-01-06 13:08:15,33.615
2017-01-06 13:08:17,33.615
2017-01-06 13:08:18,33.615
2017-01-06 13:08:19,33.615
2017-01-06 13:08:20,33.615
2017-01-06 13:08:21,33.615
2017-01-06 13:08:22,33.615
2017-01-06 13:08:24,33.615
2017-01-06 13:08:26,33.615
2017-01-06 13:08:27,33.615
2017-01-06 13:08:30,33.615
2017-01-06 13:08:31,33.615
2017-01-06 13:08:34,33.605
2017-01-06 13:08:35,33.605
2017-01-06 13:08:36,33.605
2017-01-06 13:08:37,33.605
2017-01-06 13:08:39,33.605
2017-01-06 13:08:40,33.605
2017-01-06 13:08:41,33.605
2017-01-06 13:08:42,33.605
2017-01-06 13:08:44,33.605
2017-01-06 13:08:46,33.605
2017-01-06 13:08:47,33.605
2017-01-06 13:08:49,33.605
2017-01-06 13:08:50,33.605
2017-01-06 13:08:51,33.605
2017-01-06 13:08:55,33.605
2017-01-06 13:08:57,33.605
2017-01-06 13:09:01,33.605
2017-01-06 13:09:04,33.605
2017-01-06 13:09:07,33.605
2017-01-06 13:09:08,33.605
2017-01-06 13:09:09,33.605
2017-01-06 13:09:10,33.605
2017-01-06 13:09:11,33.605
2017-01-06 13:09:12,33.605
2017-01-06 13:09:13,33.605
2017-01-06 13:09:16,33.605
2017-01-06 13:09:17,33.605
2017-01-06 13:09:18,33.605
2017-01-06 13:09:20,33.605
2017-01-06 13:09:22,33.605
2017-01-06 13:09:23,33.605
2017-01-06 13:09:24,33.605
2017-01-06 13:09:25,33.605
2017-01-06 13:09:26,33.605
2017-01-06 13:09:30,33.605
2017-01-06 13:09:31,33.605
2017-01-06 13:09:32,33.605
2017-01-06 13:09:33,33.605
2017-01-06 13:09:34,33.605
2017-01-06 13:09:35,33.605
2017-01-06 13:09:36,33.605
2017-01-06 13:09:37,33.605
2017-01-06 13:09:38,33.605
2017-01-06 13:09:39,33.605
2017-01-06 13:09:40,33.605
2017-01-06 13:09:41,33.605
2017-01-06 13:09:42,33.605
2017-01-06 13:09:44,33.605
2017-01-06 13:09:47,33.605
2017-01-06 13:09:49,33.605
2017-01-06 13:09:50,33.605
2017-01-06 13:09:53,33.605
2017-01-06 13:09:57,33.605
2017-01-06 13:09:58,33.605
2017-01-06 13:09:59,33.605
2017-01-06 13:10:00,33.605
2017-01-06 13:10:01,33.605
2017-01-06 13:10:02,33.605
2017-01-06 13:10:03,33.605
2017-01-06 13:10:04,33.605
2017-01-06 13:10:05,33.605
2017-01-06 13:10:10,33.605
2017-01-06 13:10:12,33.605
2017-01-06 13:10:13,33.605
2017-01-06 13:10:17,33.605
2017-01-06 13:10:18,33.605
2017-01-06 13:10:19,33.605
2017-01-06 13:10:20,33.605
2017-01-06 13:10:26,33.605
2017-01-06 13:10:28,33.605
2017-01-06 13:10:29,33.605
2017-01-06 13:10:30,33.605
2017-01-06 13:10:32,33.605
2017-01-06 13:10:33,33.605
2017-01-06 13:10:34,33.605
2017-01-06 13:10:38,33.605
2017-01-06 13:10:43,33.605
2017-01-06 13:10:44,33.605
2017-01-06 13:10:45,33.605
2017-01-06 13:10:46,33.605
2017-01-06 13:10:47,33.605
2017-01-06 13:10:48,33.605
2017-01-06 13:10:49,33.605
2017-01-06 13:10:50,33.605
2017-01-06 13:10:51,33.605
2017-01-06 13:10:52,33.605
2017-01-06 13:10:54,33.605
2017-01-06 13:10:56,33.605
2017-01-06 13:10:57,33.605
2017-01-06 13:10:58,33.605
2017-01-06 13:11:00,33.605
2017-01-06 13:11:01,33.605
2017-01-06 13:11:02,33.605
2017-01-06 13:11:05,33.605
2017-01-06 13:11:07,33.605
2017-01-06 13:11:09,33.605
2017-01-06 13:11:10,33.605
2017-01-06 13:11:11,33.605
2017-01-06 13:11:12,33.605
2017-01-06 13:11:15,33.605
2017-01-06 13:11:17,33.605
2017-01-06 13:11:18,33.605
2017-01-06 13:11:19,33.605
2017-01-06 13:11:20,33.605
2017-01-06 13:11:21,33.605
2017-01-06 13:11:23,33.605
2017-01-06 13:11:24,33.605
2017-01-06 13:11:25,33.605
2017-01-06 13:11:26,33.605
2017-01-06 13:11:28,33.605
2017-01-06 13:11:29,33.605
2017-01-06 13:11:30,33.605
2017-01-06 13:11:33,33.605
2017-01-06 13:11:34,33.605
2017-01-06 13:11:35,33.605
2017-01-06 13:11:37,33.605
2017-01-06 13:11:39,33.605
2017-01-06 13:11:40,33.605
2017-01-06 13:11:41,33.605
2017-01-06 13:11:42,33.605
2017-01-06 13:11:44,33.605
2017-01-06 13:11:45,33.605
2017-01-06 13:11:46,33.605
2017-01-06 13:11:47,33.605
2017-01-06 13:11:48,33.595
2017-01-06 13:11:49,33.595
2017-01-06 13:11:50,33.595
2017-01-06 13:11:51,33.595
2017-01-06 13:11:52,33.595
2017-01-06 13:11:53,33.595
2017-01-06 13:11:54,33.595
2017-01-06 13:11:57,33.595
2017-01-06 13:11:58,33.595
2017-01-06 13:11:59,33.595
2017-01-06 13:12:00,33.595
2017-01-06 13:12:01,33.595
2017-01-06 13:12:02,33.595
2017-01-06 13:12:03,33.595
2017-01-06 13:12:04,33.595
2017-01-06 13:12:08,33.595
2017-01-06 13:12:09,33.595
2017-01-06 13:12:10,33.595
2017-01-06 13:12:11,33.595
2017-01-06 13:12:12,33.595
2017-01-06 13:12:13,33.595
2017-01-06 13:12:14,33.605
2017-01-06 13:12:16,33.605
2017-01-06 13:12:17,33.605
2017-01-06 13:12:18,33.605
2017-01-06 13:12:19,33.605
2017-01-06 13:12:23,33.605
2017-01-06 13:12:24,33.605
2017-01-06 13:12:25,33.605
2017-01-06 13:12:26,33.605
2017-01-06 13:12:28,33.605
2017-01-06 13:12:29,33.605
2017-01-06 13:12:30,33.605
2017-01-06 13:12:31,33.605
2017-01-06 13:12:32,33.605
2017-01-06 13:12:33,33.605
2017-01-06 13:12:34,33.595
2017-01-06 13:12:35,33.595
2017-01-06 13:12:36,33.595
2017-01-06 13:12:37,33.595
2017-01-06 13:12:40,33.595
2017-01-06 13:12:41,33.595
2017-01-06 13:12:44,33.595
2017-01-06 13:12:45,33.595
2017-01-06 13:12:46,33.595
2017-01-06 13:12:48,33.595
2017-01-06 13:12:49,33.595
2017-01-06 13:12:50,33.595
2017-01-06 13:12:55,33.595
2017-01-06 13:12:56,33.595
2017-01-06 13:12:57,33.595
2017-01-06 13:12:58,33.595
2017-01-06 13:12:59,33.595
2017-01-06 13:13:00,33.595
2017-01-06 13:13:01,33.595
2017-01-06 13:13:02,33.595
2017-01-06 13:13:03,33.595
2017-01-06 13:13:04,33.595
2017-01-06 13:13:05,33.595
2017-01-06 13:13:06,33.595
2017-01-06 13:13:07,33.595
2017-01-06 13:13:08,33.595
2017-01-06 13:13:09,33.595
2017-01-06 13:13:10,33.595
2017-01-06 13:13:11,33.595
2017-01-06 13:13:13,33.595
2017-01-06 13:13:15,33.595
2017-01-06 13:13:16,33.595
2017-01-06 13:13:17,33.595
2017-01-06 13:13:20,33.595
2017-01-06 13:13:21,33.595
2017-01-06 13:13:22,33.595
2017-01-06 13:13:23,33.595
2017-01-06 13:13:24,33.595
2017-01-06 13:13:25,33.595
2017-01-06 13:13:26,33.595
2017-01-06 13:13:28,33.595
2017-01-06 13:13:29,33.595
2017-01-06 13:13:31,33.595
2017-01-06 13:13:33,33.595
2017-01-06 13:13:34,33.585
2017-01-06 13:13:35,33.585
2017-01-06 13:13:36,33.585
2017-01-06 13:13:37,33.585
2017-01-06 13:13:39,33.585
2017-01-06 13:13:40,33.585
2017-01-06 13:13:41,33.585
2017-01-06 13:13:42,33.585
2017-01-06 13:13:43,33.585
2017-01-06 13:13:44,33.585
2017-01-06 13:13:45,33.585
2017-01-06 13:13:46,33.585
2017-01-06 13:13:47,33.585
2017-01-06 13:13:48,33.585
2017-01-06 13:13:49,33.585
2017-01-06 13:13:50,33.585
2017-01-06 13:13:52,33.585
2017-01-06 13:13:54,33.585
2017-01-06 13:13:55,33.585
2017-01-06 13:13:56,33.585
2017-01-06 13:13:58,33.585
2017-01-06 13:14:01,33.585
2017-01-06 13:14:06,33.585
2017-01-06 13:14:07,33.585
2017-01-06 13:14:09,33.585
2017-01-06 13:14:10,33.585
2017-01-06 13:14:11,33.585
2017-01-06 13:14:12,33.585
2017-01-06 13:14:15,33.585
2017-01-06 13:14:18,33.585
2017-01-06 13:14:19,33.585
2017-01-06 13:14:20,33.585
2017-01-06 13:14:21,33.585
2017-01-06 13:14:22,33.575
2017-01-06 13:14:23,33.575
2017-01-06 13:14:24,33.575
2017-01-06 13:14:25,33.575
2017-01-06 13:14:26,33.575
2017-01-06 13:14:27,33.575
2017-01-06 13:14:28,33.575
2017-01-06 13:14:29,33.575
2017-01-06 13:14:30,33.575
2017-01-06 13:14:31,33.575
2017-01-06 13:14:32,33.575
2017-01-06 13:14:33,33.575
2017-01-06 13:14:34,33.575
2017-01-06 13:14:35,33.575
2017-01-06 13:14:36,33.575
2017-01-06 13:14:40,33.575
2017-01-06 13:14:41,33.575
2017-01-06 13:14:43,33.575
2017-01-06 13:14:45,33.575
2017-01-06 13:14:47,33.575
2017-01-06 13:14:49,33.575
2017-01-06 13:14:50,33.575
2017-01-06 13:14:56,33.575
2017-01-06 13:14:57,33.575
2017-01-06 13:14:58,33.575
2017-01-06 13:14:59,33.575
2017-01-06 13:15:01,33.575
2017-01-06 13:15:02,33.575
2017-01-06 13:15:03,33.575
2017-01-06 13:15:04,33.575
2017-01-06 13:15:05,33.575
2017-01-06 13:15:06,33.575
2017-01-06 13:15:07,33.575
2017-01-06 13:15:08,33.575
2017-01-06 13:15:09,33.575
2017-01-06 13:15:10,33.575
2017-01-06 13:15:11,33.575
2017-01-06 13:15:12,33.575
2017-01-06 13:15:13,33.575
2017-01-06 13:15:14,33.575
2017-01-06 13:15:15,33.575
2017-01-06 13:15:16,33.575
2017-01-06 13:15:18,33.575
2017-01-06 13:15:19,33.575
2017-01-06 13:15:20,33.575
2017-01-06 13:15:21,33.575
2017-01-06 13:15:22,33.575
2017-01-06 13:15:23,33.575
2017-01-06 13:15:24,33.575
2017-01-06 13:15:26,33.575
2017-01-06 13:15:27,33.575
2017-01-06 13:15:30,33.575
2017-01-06 13:15:31,33.575
2017-01-06 13:15:32,33.575
2017-01-06 13:15:33,33.575
2017-01-06 13:15:34,33.575
2017-01-06 13:15:36,33.575
2017-01-06 13:15:37,33.575
2017-01-06 13:15:38,33.575
2017-01-06 13:15:39,33.575
2017-01-06 13:15:40,33.575
2017-01-06 13:15:41,33.575
2017-01-06 13:15:42,33.575
2017-01-06 13:15:43,33.575
2017-01-06 13:15:44,33.575
2017-01-06 13:15:45,33.575
2017-01-06 13:15:46,33.575
2017-01-06 13:15:57,33.575
2017-01-06 13:15:58,33.575
2017-01-06 13:15:59,33.575
2017-01-06 13:16:00,33.575
2017-01-06 13:16:02,33.575
2017-01-06 13:16:04,33.575
2017-01-06 13:16:06,33.575
2017-01-06 13:16:08,33.575
2017-01-06 13:16:09,33.575
2017-01-06 13:16:10,33.575
2017-01-06 13:16:13,33.575
2017-01-06 13:16:14,33.575
2017-01-06 13:16:15,33.575
2017-01-06 13:16:16,33.575
2017-01-06 13:16:17,33.575
2017-01-06 13:16:18,33.575
2017-01-06 13:16:19,33.575
2017-01-06 13:16:21,33.575
2017-01-06 13:16:22,33.575
2017-01-06 13:16:23,33.575
2017-01-06 13:16:24,33.575
2017-01-06 13:16:25,33.575
2017-01-06 13:16:28,33.575
2017-01-06 13:16:29,33.575
2017-01-06 13:16:30,33.575
2017-01-06 13:16:32,33.575
2017-01-06 13:16:34,33.575
2017-01-06 13:16:35,33.575
2017-01-06 13:16:36,33.575
2017-01-06 13:16:37,33.575
2017-01-06 13:16:38,33.575
2017-01-06 13:16:40,33.575
2017-01-06 13:16:41,33.575
2017-01-06 13:16:43,33.575
2017-01-06 13:16:45,33.575
2017-01-06 13:16:46,33.575
2017-01-06 13:16:49,33.575
2017-01-06 13:16:51,33.575
2017-01-06 13:16:52,33.575
2017-01-06 13:16:53,33.575
2017-01-06 13:16:54,33.585
2017-01-06 13:16:55,33.585
2017-01-06 13:16:56,33.585
2017-01-06 13:16:58,33.585
2017-01-06 13:16:59,33.585
2017-01-06 13:17:00,33.585
2017-01-06 13:17:02,33.585
2017-01-06 13:17:03,33.585
2017-01-06 13:17:04,33.585
2017-01-06 13:17:05,33.585
2017-01-06 13:17:06,33.585
2017-01-06 13:17:07,33.585
2017-01-06 13:17:08,33.585
2017-01-06 13:17:10,33.585
2017-01-06 13:17:12,33.585
2017-01-06 13:17:14,33.585
2017-01-06 13:17:15,33.585
2017-01-06 13:17:17,33.585
2017-01-06 13:17:19,33.585
2017-01-06 13:17:20,33.585
2017-01-06 13:17:23,33.585
2017-01-06 13:17:24,33.585
2017-01-06 13:17:25,33.585
2017-01-06 13:17:26,33.585
2017-01-06 13:17:29,33.585
2017-01-06 13:17:36,33.585
2017-01-06 13:17:37,33.585
2017-01-06 13:17:38,33.585
2017-01-06 13:17:40,33.585
2017-01-06 13:17:41,33.585
2017-01-06 13:17:43,33.585
2017-01-06 13:17:44,33.585
2017-01-06 13:17:45,33.585
2017-01-06 13:17:46,33.585
2017-01-06 13:17:49,33.585
2017-01-06 13:17:51,33.585
2017-01-06 13:17:52,33.585
2017-01-06 13:17:53,33.585
2017-01-06 13:17:54,33.585
2017-01-06 13:17:55,33.585
2017-01-06 13:17:56,33.585
2017-01-06 13:17:57,33.585
2017-01-06 13:17:58,33.585
2017-01-06 13:17:59,33.585
2017-01-06 13:18:00,33.585
2017-01-06 13:18:02,33.585
2017-01-06 13:18:05,33.585
2017-01-06 13:18:06,33.585
2017-01-06 13:18:07,33.585
2017-01-06 13:18:08,33.585
2017-01-06 13:18:09,33.575
2017-01-06 13:18:10,33.575
2017-01-06 13:18:11,33.575
2017-01-06 13:18:12,33.575
2017-01-06 13:18:13,33.575
2017-01-06 13:18:14,33.575
2017-01-06 13:18:15,33.575
2017-01-06 13:18:16,33.575
2017-01-06 13:18:17,33.575
2017-01-06 13:18:18,33.565
2017-01-06 13:18:19,33.565
2017-01-06 13:18:20,33.565
2017-01-06 13:18:21,33.565
2017-01-06 13:18:23,33.565
2017-01-06 13:18:24,33.565
2017-01-06 13:18:25,33.565
2017-01-06 13:18:26,33.565
2017-01-06 13:18:28,33.565
2017-01-06 13:18:31,33.565
2017-01-06 13:18:32,33.565
2017-01-06 13:18:33,33.565
2017-01-06 13:18:34,33.565
2017-01-06 13:18:35,33.565
2017-01-06 13:18:36,33.565
2017-01-06 13:18:38,33.565
2017-01-06 13:18:39,33.565
2017-01-06 13:18:40,33.565
2017-01-06 13:18:42,33.565
2017-01-06 13:18:43,33.565
2017-01-06 13:18:45,33.575
2017-01-06 13:18:46,33.575
2017-01-06 13:18:48,33.575
2017-01-06 13:18:49,33.575
2017-01-06 13:18:50,33.575
2017-01-06 13:18:51,33.575
2017-01-06 13:18:54,33.575
2017-01-06 13:18:55,33.575
2017-01-06 13:19:00,33.575
2017-01-06 13:19:01,33.575
2017-01-06 13:19:02,33.575
2017-01-06 13:19:03,33.575
2017-01-06 13:19:04,33.575
2017-01-06 13:19:05,33.575
2017-01-06 13:19:07,33.575
2017-01-06 13:19:09,33.575
2017-01-06 13:19:11,33.575
2017-01-06 13:19:12,33.575
2017-01-06 13:19:13,33.575
2017-01-06 13:19:14,33.575
2017-01-06 13:19:15,33.575
2017-01-06 13:19:18,33.575
2017-01-06 13:19:19,33.575
2017-01-06 13:19:21,33.575
2017-01-06 13:19:24,33.575
2017-01-06 13:19:25,33.575
2017-01-06 13:19:26,33.575
2017-01-06 13:19:28,33.575
2017-01-06 13:19:29,33.575
2017-01-06 13:19:33,33.575
2017-01-06 13:19:34,33.575
2017-01-06 13:19:35,33.575
2017-01-06 13:19:36,33.575
2017-01-06 13:19:37,33.575
2017-01-06 13:19:38,33.575
2017-01-06 13:19:39,33.575
2017-01-06 13:19:40,33.585
2017-01-06 13:19:41,33.585
2017-01-06 13:19:42,33.585
2017-01-06 13:19:43,33.575
2017-01-06 13:19:44,33.575
2017-01-06 13:19:45,33.575
2017-01-06 13:19:46,33.575
2017-01-06 13:19:47,33.575
2017-01-06 13:19:48,33.575
2017-01-06 13:19:49,33.575
2017-01-06 13:19:50,33.575
2017-01-06 13:19:52,33.575
2017-01-06 13:19:53,33.575
2017-01-06 13:19:54,33.575
2017-01-06 13:19:55,33.575
2017-01-06 13:19:56,33.575
2017-01-06 13:19:57,33.575
2017-01-06 13:20:00,33.575
2017-01-06 13:20:01,33.575
2017-01-06 13:20:02,33.575
2017-01-06 13:20:03,33.575
2017-01-06 13:20:04,33.575
2017-01-06 13:20:06,33.575
2017-01-06 13:20:07,33.575
2017-01-06 13:20:09,33.575
2017-01-06 13:20:11,33.575
2017-01-06 13:20:12,33.585
2017-01-06 13:20:13,33.585
2017-01-06 13:20:14,33.585
2017-01-06 13:20:15,33.585
2017-01-06 13:20:17,33.585
2017-01-06 13:20:18,33.585
2017-01-06 13:20:19,33.585
2017-01-06 13:20:21,33.585
2017-01-06 13:20:22,33.585
2017-01-06 13:20:23,33.585
2017-01-06 13:20:24,33.585
2017-01-06 13:20:25,33.585
2017-01-06 13:20:26,33.585
2017-01-06 13:20:27,33.585
2017-01-06 13:20:28,33.585
2017-01-06 13:20:29,33.585
2017-01-06 13:20:30,33.585
2017-01-06 13:20:31,33.585
2017-01-06 13:20:32,33.585
2017-01-06 13:20:33,33.585
2017-01-06 13:20:34,33.585
2017-01-06 13:20:35,33.585
2017-01-06 13:20:36,33.585
2017-01-06 13:20:38,33.585
2017-01-06 13:20:39,33.585
2017-01-06 13:20:41,33.585
2017-01-06 13:20:42,33.585
2017-01-06 13:20:43,33.585
2017-01-06 13:20:45,33.585
2017-01-06 13:20:46,33.585
2017-01-06 13:20:49,33.585
2017-01-06 13:20:50,33.585
2017-01-06 13:20:51,33.585
2017-01-06 13:20:52,33.585
2017-01-06 13:20:53,33.585
2017-01-06 13:20:54,33.585
2017-01-06 13:20:55,33.585
2017-01-06 13:20:56,33.585
2017-01-06 13:20:57,33.585
2017-01-06 13:20:58,33.585
2017-01-06 13:20:59,33.585
2017-01-06 13:21:00,33.585
2017-01-06 13:21:01,33.585
2017-01-06 13:21:03,33.585
2017-01-06 13:21:04,33.585
2017-01-06 13:21:05,33.585
2017-01-06 13:21:06,33.585
2017-01-06 13:21:09,33.585
2017-01-06 13:21:10,33.585
2017-01-06 13:21:11,33.585
2017-01-06 13:21:13,33.585
2017-01-06 13:21:14,33.585
2017-01-06 13:21:15,33.585
2017-01-06 13:21:16,33.585
2017-01-06 13:21:17,33.585
2017-01-06 13:21:18,33.585
2017-01-06 13:21:20,33.585
2017-01-06 13:21:21,33.585
2017-01-06 13:21:22,33.585
2017-01-06 13:21:23,33.585
2017-01-06 13:21:24,33.585
2017-01-06 13:21:25,33.585
2017-01-06 13:21:27,33.585
2017-01-06 13:21:28,33.585
2017-01-06 13:21:29,33.585
2017-01-06 13:21:30,33.585
2017-01-06 13:21:31,33.585
2017-01-06 13:21:32,33.585
2017-01-06 13:21:33,33.585
2017-01-06 13:21:36,33.585
2017-01-06 13:21:37,33.585
2017-01-06 13:21:39,33.585
2017-01-06 13:21:40,33.595
2017-01-06 13:21:41,33.595
2017-01-06 13:21:42,33.595
2017-01-06 13:21:43,33.595
2017-01-06 13:21:44,33.595
2017-01-06 13:21:45,33.595
2017-01-06 13:21:46,33.595
2017-01-06 13:21:47,33.595
2017-01-06 13:21:49,33.595
2017-01-06 13:21:50,33.595
2017-01-06 13:21:51,33.595
2017-01-06 13:21:52,33.595
2017-01-06 13:21:53,33.595
2017-01-06 13:21:54,33.595
2017-01-06 13:21:55,33.595
2017-01-06 13:21:56,33.595
2017-01-06 13:21:57,33.595
2017-01-06 13:21:58,33.595
2017-01-06 13:21:59,33.595
2017-01-06 13:22:02,33.595
2017-01-06 13:22:03,33.595
2017-01-06 13:22:04,33.595
2017-01-06 13:22:05,33.595
2017-01-06 13:22:06,33.595
2017-01-06 13:22:07,33.595
2017-01-06 13:22:08,33.595
2017-01-06 13:22:09,33.595
2017-01-06 13:22:11,33.595
2017-01-06 13:22:12,33.595
2017-01-06 13:22:13,33.595
2017-01-06 13:22:14,33.595
2017-01-06 13:22:17,33.595
2017-01-06 13:22:18,33.585
2017-01-06 13:22:19,33.585
2017-01-06 13:22:20,33.585
2017-01-06 13:22:21,33.585
2017-01-06 13:22:22,33.585
2017-01-06 13:22:23,33.585
2017-01-06 13:22:24,33.585
2017-01-06 13:22:25,33.585
2017-01-06 13:22:26,33.585
2017-01-06 13:22:27,33.595
2017-01-06 13:22:28,33.595
2017-01-06 13:22:29,33.595
2017-01-06 13:22:30,33.595
2017-01-06 13:22:31,33.595
2017-01-06 13:22:32,33.595
2017-01-06 13:22:33,33.595
2017-01-06 13:22:34,33.595
2017-01-06 13:22:35,33.595
2017-01-06 13:22:37,33.595
2017-01-06 13:22:38,33.595
2017-01-06 13:22:41,33.595
2017-01-06 13:22:42,33.595
2017-01-06 13:22:43,33.595
2017-01-06 13:22:45,33.595
2017-01-06 13:22:46,33.595
2017-01-06 13:22:48,33.595
2017-01-06 13:22:49,33.595
2017-01-06 13:22:50,33.595
2017-01-06 13:22:51,33.595
2017-01-06 13:22:52,33.595
2017-01-06 13:22:53,33.595
2017-01-06 13:22:54,33.595
2017-01-06 13:22:55,33.595
2017-01-06 13:22:56,33.595
2017-01-06 13:22:57,33.595
2017-01-06 13:22:59,33.595
2017-01-06 13:23:01,33.595
2017-01-06 13:23:02,33.595
2017-01-06 13:23:03,33.595
2017-01-06 13:23:07,33.595
2017-01-06 13:23:09,33.595
2017-01-06 13:23:10,33.595
2017-01-06 13:23:11,33.595
2017-01-06 13:23:14,33.595
2017-01-06 13:23:15,33.595
2017-01-06 13:23:16,33.595
2017-01-06 13:23:17,33.595
2017-01-06 13:23:18,33.595
2017-01-06 13:23:19,33.595
2017-01-06 13:23:20,33.595
2017-01-06 13:23:21,33.595
2017-01-06 13:23:22,33.595
2017-01-06 13:23:23,33.595
2017-01-06 13:23:24,33.595
2017-01-06 13:23:25,33.595
2017-01-06 13:23:26,33.595
2017-01-06 13:23:27,33.595
2017-01-06 13:23:29,33.595
2017-01-06 13:23:30,33.595
2017-01-06 13:23:31,33.595
2017-01-06 13:23:32,33.595
2017-01-06 13:23:33,33.595
2017-01-06 13:23:34,33.595
2017-01-06 13:23:40,33.595
2017-01-06 13:23:41,33.595
2017-01-06 13:23:42,33.595
2017-01-06 13:23:44,33.595
2017-01-06 13:23:45,33.595
2017-01-06 13:23:46,33.595
2017-01-06 13:23:47,33.595
2017-01-06 13:23:48,33.595
2017-01-06 13:23:49,33.595
2017-01-06 13:23:50,33.595
2017-01-06 13:23:51,33.595
2017-01-06 13:23:52,33.595
2017-01-06 13:23:54,33.595
2017-01-06 13:23:56,33.595
2017-01-06 13:23:57,33.595
2017-01-06 13:23:58,33.595
2017-01-06 13:24:00,33.595
2017-01-06 13:24:01,33.595
2017-01-06 13:24:02,33.595
2017-01-06 13:24:03,33.595
2017-01-06 13:24:04,33.595
2017-01-06 13:24:05,33.595
2017-01-06 13:24:06,33.595
2017-01-06 13:24:07,33.595
2017-01-06 13:24:08,33.595
2017-01-06 13:24:09,33.595
2017-01-06 13:24:10,33.595
2017-01-06 13:24:12,33.595
2017-01-06 13:24:13,33.595
2017-01-06 13:24:15,33.595
2017-01-06 13:24:16,33.585
2017-01-06 13:24:17,33.585
2017-01-06 13:24:19,33.585
2017-01-06 13:24:20,33.585
2017-01-06 13:24:21,33.585
2017-01-06 13:24:23,33.585
2017-01-06 13:24:24,33.585
2017-01-06 13:24:27,33.585
2017-01-06 13:24:28,33.585
2017-01-06 13:24:29,33.585
2017-01-06 13:24:30,33.585
2017-01-06 13:24:32,33.585
2017-01-06 13:24:35,33.585
2017-01-06 13:24:36,33.585
2017-01-06 13:24:38,33.585
2017-01-06 13:24:39,33.585
2017-01-06 13:24:40,33.585
2017-01-06 13:24:41,33.585
2017-01-06 13:24:44,33.585
2017-01-06 13:24:45,33.585
2017-01-06 13:24:46,33.585
2017-01-06 13:24:47,33.585
2017-01-06 13:24:48,33.585
2017-01-06 13:24:49,33.585
2017-01-06 13:24:50,33.585
2017-01-06 13:24:52,33.585
2017-01-06 13:24:53,33.585
2017-01-06 13:24:55,33.585
2017-01-06 13:24:56,33.585
2017-01-06 13:24:58,33.585
2017-01-06 13:25:06,33.585
2017-01-06 13:25:07,33.585
2017-01-06 13:25:08,33.585
2017-01-06 13:25:10,33.585
2017-01-06 13:25:11,33.585
2017-01-06 13:25:12,33.585
2017-01-06 13:25:13,33.585
2017-01-06 13:25:14,33.585
2017-01-06 13:25:15,33.585
2017-01-06 13:25:16,33.585
2017-01-06 13:25:17,33.585
2017-01-06 13:25:18,33.585
2017-01-06 13:25:20,33.585
2017-01-06 13:25:21,33.585
2017-01-06 13:25:22,33.585
2017-01-06 13:25:23,33.585
2017-01-06 13:25:24,33.585
2017-01-06 13:25:25,33.585
2017-01-06 13:25:26,33.585
2017-01-06 13:25:27,33.585
2017-01-06 13:25:28,33.585
2017-01-06 13:25:29,33.585
2017-01-06 13:25:30,33.585
2017-01-06 13:25:31,33.585
2017-01-06 13:25:32,33.585
2017-01-06 13:25:33,33.585
2017-01-06 13:25:34,33.585
2017-01-06 13:25:36,33.585
2017-01-06 13:25:37,33.585
2017-01-06 13:25:40,33.585
2017-01-06 13:25:41,33.585
2017-01-06 13:25:43,33.585
2017-01-06 13:25:44,33.585
2017-01-06 13:25:45,33.585
2017-01-06 13:25:46,33.585
2017-01-06 13:25:47,33.585
2017-01-06 13:25:51,33.585
2017-01-06 13:25:52,33.585
2017-01-06 13:25:54,33.585
2017-01-06 13:25:55,33.585
2017-01-06 13:25:57,33.585
2017-01-06 13:25:58,33.585
2017-01-06 13:25:59,33.585
2017-01-06 13:26:00,33.585
2017-01-06 13:26:01,33.585
2017-01-06 13:26:02,33.585
2017-01-06 13:26:03,33.585
2017-01-06 13:26:05,33.585
2017-01-06 13:26:06,33.585
2017-01-06 13:26:07,33.585
2017-01-06 13:26:08,33.585
2017-01-06 13:26:10,33.585
2017-01-06 13:26:11,33.585
2017-01-06 13:26:12,33.585
2017-01-06 13:26:14,33.585
2017-01-06 13:26:19,33.585
2017-01-06 13:26:20,33.585
2017-01-06 13:26:21,33.585
2017-01-06 13:26:23,33.585
2017-01-06 13:26:25,33.585
2017-01-06 13:26:28,33.585
2017-01-06 13:26:29,33.585
2017-01-06 13:26:30,33.585
2017-01-06 13:26:31,33.585
2017-01-06 13:26:32,33.585
2017-01-06 13:26:34,33.585
2017-01-06 13:26:35,33.585
2017-01-06 13:26:36,33.585
2017-01-06 13:26:37,33.585
2017-01-06 13:26:38,33.585
2017-01-06 13:26:39,33.585
2017-01-06 13:26:40,33.585
2017-01-06 13:26:41,33.585
2017-01-06 13:26:43,33.585
2017-01-06 13:26:44,33.585
2017-01-06 13:26:45,33.585
2017-01-06 13:26:46,33.585
2017-01-06 13:26:47,33.585
2017-01-06 13:26:48,33.585
2017-01-06 13:26:49,33.585
2017-01-06 13:26:50,33.585
2017-01-06 13:26:51,33.585
2017-01-06 13:26:52,33.585
2017-01-06 13:26:53,33.585
2017-01-06 13:26:54,33.585
2017-01-06 13:26:55,33.585
2017-01-06 13:26:56,33.585
2017-01-06 13:26:58,33.585
2017-01-06 13:27:00,33.585
2017-01-06 13:27:01,33.585
2017-01-06 13:27:02,33.585
2017-01-06 13:27:03,33.585
2017-01-06 13:27:04,33.585
2017-01-06 13:27:05,33.585
2017-01-06 13:27:06,33.585
2017-01-06 13:27:08,33.585
2017-01-06 13:27:09,33.585
2017-01-06 13:27:10,33.585
2017-01-06 13:27:11,33.585
2017-01-06 13:27:12,33.585
2017-01-06 13:27:14,33.585
2017-01-06 13:27:15,33.585
2017-01-06 13:27:16,33.585
2017-01-06 13:27:17,33.585
2017-01-06 13:27:18,33.585
2017-01-06 13:27:19,33.585
2017-01-06 13:27:20,33.585
2017-01-06 13:27:21,33.585
2017-01-06 13:27:22,33.585
2017-01-06 13:27:23,33.585
2017-01-06 13:27:24,33.585
2017-01-06 13:27:25,33.585
2017-01-06 13:27:26,33.585
2017-01-06 13:27:27,33.585
2017-01-06 13:27:28,33.585
2017-01-06 13:27:29,33.575
2017-01-06 13:27:30,33.575
2017-01-06 13:27:31,33.575
2017-01-06 13:27:32,33.575
2017-01-06 13:27:33,33.575
2017-01-06 13:27:34,33.575
2017-01-06 13:27:36,33.575
2017-01-06 13:27:37,33.575
2017-01-06 13:27:38,33.575
2017-01-06 13:27:39,33.575
2017-01-06 13:27:40,33.575
2017-01-06 13:27:41,33.575
2017-01-06 13:27:42,33.575
2017-01-06 13:27:45,33.575
2017-01-06 13:27:46,33.575
2017-01-06 13:27:47,33.585
2017-01-06 13:27:49,33.585
2017-01-06 13:27:50,33.585
2017-01-06 13:27:51,33.585
2017-01-06 13:27:52,33.585
2017-01-06 13:27:53,33.585
2017-01-06 13:27:55,33.585
2017-01-06 13:27:56,33.585
2017-01-06 13:27:57,33.585
2017-01-06 13:27:58,33.585
2017-01-06 13:28:00,33.585
2017-01-06 13:28:01,33.585
2017-01-06 13:28:02,33.585
2017-01-06 13:28:03,33.585
2017-01-06 13:28:04,33.585
2017-01-06 13:28:05,33.585
2017-01-06 13:28:06,33.585
2017-01-06 13:28:07,33.585
2017-01-06 13:28:09,33.585
2017-01-06 13:28:10,33.585
2017-01-06 13:28:11,33.585
2017-01-06 13:28:12,33.585
2017-01-06 13:28:13,33.585
2017-01-06 13:28:14,33.585
2017-01-06 13:28:15,33.595
2017-01-06 13:28:16,33.595
2017-01-06 13:28:17,33.595
2017-01-06 13:28:18,33.595
2017-01-06 13:28:19,33.595
2017-01-06 13:28:20,33.595
2017-01-06 13:28:21,33.595
2017-01-06 13:28:22,33.595
2017-01-06 13:28:23,33.595
2017-01-06 13:28:24,33.595
2017-01-06 13:28:25,33.595
2017-01-06 13:28:26,33.595
2017-01-06 13:28:27,33.595
2017-01-06 13:28:28,33.595
2017-01-06 13:28:29,33.585
2017-01-06 13:28:30,33.585
2017-01-06 13:28:31,33.585
2017-01-06 13:28:33,33.585
2017-01-06 13:28:34,33.585
2017-01-06 13:28:35,33.575
2017-01-06 13:28:36,33.575
2017-01-06 13:28:37,33.575
2017-01-06 13:28:38,33.575
2017-01-06 13:28:39,33.575
2017-01-06 13:28:40,33.575
2017-01-06 13:28:41,33.575
2017-01-06 13:28:42,33.575
2017-01-06 13:28:43,33.575
2017-01-06 13:28:44,33.575
2017-01-06 13:28:45,33.575
2017-01-06 13:28:46,33.575
2017-01-06 13:28:47,33.575
2017-01-06 13:28:48,33.575
2017-01-06 13:28:49,33.575
2017-01-06 13:28:50,33.575
2017-01-06 13:28:51,33.575
2017-01-06 13:28:52,33.575
2017-01-06 13:28:53,33.575
2017-01-06 13:28:54,33.575
2017-01-06 13:28:55,33.575
2017-01-06 13:28:56,33.575
2017-01-06 13:28:57,33.575
2017-01-06 13:28:58,33.575
2017-01-06 13:28:59,33.575
2017-01-06 13:29:00,33.575
2017-01-06 13:29:02,33.575
2017-01-06 13:29:03,33.575
2017-01-06 13:29:05,33.585
2017-01-06 13:29:06,33.585
2017-01-06 13:29:07,33.585
2017-01-06 13:29:08,33.585
2017-01-06 13:29:09,33.585
2017-01-06 13:29:10,33.585
2017-01-06 13:29:11,33.585
2017-01-06 13:29:12,33.585
2017-01-06 13:29:13,33.585
2017-01-06 13:29:14,33.585
2017-01-06 13:29:15,33.585
2017-01-06 13:29:16,33.585
2017-01-06 13:29:17,33.595
2017-01-06 13:29:18,33.595
2017-01-06 13:29:19,33.585
2017-01-06 13:29:20,33.585
2017-01-06 13:29:21,33.585
2017-01-06 13:29:22,33.585
2017-01-06 13:29:23,33.585
2017-01-06 13:29:24,33.585
2017-01-06 13:29:25,33.585
2017-01-06 13:29:26,33.595
2017-01-06 13:29:27,33.585
2017-01-06 13:29:28,33.585
2017-01-06 13:29:31,33.585
2017-01-06 13:29:33,33.585
2017-01-06 13:29:37,33.585
2017-01-06 13:29:38,33.585
2017-01-06 13:29:40,33.585
2017-01-06 13:29:41,33.585
2017-01-06 13:29:42,33.585
2017-01-06 13:29:43,33.585
2017-01-06 13:29:45,33.585
2017-01-06 13:29:46,33.585
2017-01-06 13:29:47,33.585
2017-01-06 13:29:48,33.585
2017-01-06 13:29:49,33.585
2017-01-06 13:29:50,33.585
2017-01-06 13:29:51,33.585
2017-01-06 13:29:52,33.585
2017-01-06 13:29:53,33.585
2017-01-06 13:29:54,33.585
2017-01-06 13:29:55,33.585
2017-01-06 13:29:56,33.585
2017-01-06 13:29:57,33.585
2017-01-06 13:29:58,33.575
2017-01-06 13:29:59,33.575
2017-01-06 13:30:00,33.575
2017-01-06 13:30:02,33.575
2017-01-06 13:30:03,33.575
2017-01-06 13:30:04,33.575
2017-01-06 13:30:05,33.575
2017-01-06 13:30:06,33.575
2017-01-06 13:30:07,33.575
2017-01-06 13:30:08,33.575
2017-01-06 13:30:11,33.575
2017-01-06 13:30:13,33.575
2017-01-06 13:30:14,33.575
2017-01-06 13:30:18,33.575
2017-01-06 13:30:19,33.575
2017-01-06 13:30:20,33.575
2017-01-06 13:30:22,33.575
2017-01-06 13:30:23,33.575
2017-01-06 13:30:24,33.575
2017-01-06 13:30:25,33.575
2017-01-06 13:30:26,33.575
2017-01-06 13:30:27,33.575
2017-01-06 13:30:29,33.575
2017-01-06 13:30:30,33.575
2017-01-06 13:30:32,33.575
2017-01-06 13:30:36,33.575
2017-01-06 13:30:37,33.575
2017-01-06 13:30:38,33.575
2017-01-06 13:30:39,33.575
2017-01-06 13:30:41,33.575
2017-01-06 13:30:42,33.575
2017-01-06 13:30:44,33.575
2017-01-06 13:30:46,33.575
2017-01-06 13:30:47,33.575
2017-01-06 13:30:49,33.575
2017-01-06 13:30:50,33.575
2017-01-06 13:30:51,33.575
2017-01-06 13:30:52,33.575
2017-01-06 13:30:54,33.575
2017-01-06 13:30:55,33.575
2017-01-06 13:30:56,33.575
2017-01-06 13:30:57,33.575
2017-01-06 13:30:59,33.575
2017-01-06 13:31:00,33.575
2017-01-06 13:31:01,33.575
2017-01-06 13:31:02,33.575
2017-01-06 13:31:03,33.575
2017-01-06 13:31:04,33.575
2017-01-06 13:31:05,33.575
2017-01-06 13:31:06,33.575
2017-01-06 13:31:07,33.575
2017-01-06 13:31:09,33.575
2017-01-06 13:31:10,33.575
2017-01-06 13:31:11,33.575
2017-01-06 13:31:13,33.575
2017-01-06 13:31:14,33.575
2017-01-06 13:31:17,33.575
2017-01-06 13:31:18,33.575
2017-01-06 13:31:19,33.575
2017-01-06 13:31:20,33.575
2017-01-06 13:31:21,33.575
2017-01-06 13:31:22,33.575
2017-01-06 13:31:25,33.575
2017-01-06 13:31:27,33.575
2017-01-06 13:31:28,33.575
2017-01-06 13:31:31,33.575
2017-01-06 13:31:33,33.575
2017-01-06 13:31:34,33.575
2017-01-06 13:31:35,33.575
2017-01-06 13:31:36,33.575
2017-01-06 13:31:37,33.575
2017-01-06 13:31:38,33.575
2017-01-06 13:31:39,33.575
2017-01-06 13:31:40,33.575
2017-01-06 13:31:41,33.575
2017-01-06 13:31:42,33.575
2017-01-06 13:31:43,33.575
2017-01-06 13:31:45,33.575
2017-01-06 13:31:46,33.575
2017-01-06 13:31:48,33.575
2017-01-06 13:31:50,33.575
2017-01-06 13:31:51,33.575
2017-01-06 13:31:53,33.575
2017-01-06 13:31:54,33.575
2017-01-06 13:31:55,33.575
2017-01-06 13:31:56,33.575
2017-01-06 13:31:59,33.575
2017-01-06 13:32:00,33.575
2017-01-06 13:32:01,33.575
2017-01-06 13:32:07,33.575
2017-01-06 13:32:09,33.575
2017-01-06 13:32:10,33.575
2017-01-06 13:32:13,33.575
2017-01-06 13:32:16,33.575
2017-01-06 13:32:17,33.565
2017-01-06 13:32:18,33.565
2017-01-06 13:32:19,33.565
2017-01-06 13:32:20,33.565
2017-01-06 13:32:21,33.565
2017-01-06 13:32:22,33.565
2017-01-06 13:32:23,33.565
2017-01-06 13:32:24,33.565
2017-01-06 13:32:25,33.565
2017-01-06 13:32:26,33.565
2017-01-06 13:32:28,33.565
2017-01-06 13:32:29,33.565
2017-01-06 13:32:30,33.565
2017-01-06 13:32:31,33.565
2017-01-06 13:32:32,33.565
2017-01-06 13:32:34,33.565
2017-01-06 13:32:36,33.565
2017-01-06 13:32:37,33.565
2017-01-06 13:32:39,33.565
2017-01-06 13:32:44,33.565
2017-01-06 13:32:46,33.565
2017-01-06 13:32:47,33.565
2017-01-06 13:32:50,33.565
2017-01-06 13:32:53,33.565
2017-01-06 13:32:54,33.565
2017-01-06 13:32:55,33.575
2017-01-06 13:32:56,33.575
2017-01-06 13:32:57,33.575
2017-01-06 13:32:58,33.575
2017-01-06 13:32:59,33.575
2017-01-06 13:33:00,33.575
2017-01-06 13:33:01,33.575
2017-01-06 13:33:02,33.575
2017-01-06 13:33:03,33.575
2017-01-06 13:33:04,33.575
2017-01-06 13:33:06,33.575
2017-01-06 13:33:07,33.575
2017-01-06 13:33:08,33.575
2017-01-06 13:33:09,33.575
2017-01-06 13:33:10,33.575
2017-01-06 13:33:11,33.575
2017-01-06 13:33:12,33.575
2017-01-06 13:33:13,33.575
2017-01-06 13:33:14,33.575
2017-01-06 13:33:15,33.575
2017-01-06 13:33:16,33.575
2017-01-06 13:33:17,33.575
2017-01-06 13:33:18,33.575
2017-01-06 13:33:19,33.575
2017-01-06 13:33:20,33.575
2017-01-06 13:33:21,33.575
2017-01-06 13:33:22,33.575
2017-01-06 13:33:23,33.575
2017-01-06 13:33:24,33.575
2017-01-06 13:33:25,33.575
2017-01-06 13:33:27,33.575
2017-01-06 13:33:28,33.575
2017-01-06 13:33:29,33.575
2017-01-06 13:33:30,33.575
2017-01-06 13:33:31,33.575
2017-01-06 13:33:32,33.575
2017-01-06 13:33:33,33.575
2017-01-06 13:33:34,33.575
2017-01-06 13:33:35,33.575
2017-01-06 13:33:36,33.575
2017-01-06 13:33:38,33.575
2017-01-06 13:33:39,33.575
2017-01-06 13:33:42,33.575
2017-01-06 13:33:43,33.575
2017-01-06 13:33:44,33.575
2017-01-06 13:33:45,33.575
2017-01-06 13:33:46,33.575
2017-01-06 13:33:47,33.575
2017-01-06 13:33:48,33.575
2017-01-06 13:33:50,33.565
2017-01-06 13:33:51,33.565
2017-01-06 13:33:52,33.565
2017-01-06 13:33:53,33.565
2017-01-06 13:33:54,33.565
2017-01-06 13:33:55,33.565
2017-01-06 13:33:56,33.565
2017-01-06 13:33:57,33.565
2017-01-06 13:33:58,33.565
2017-01-06 13:33:59,33.565
2017-01-06 13:34:00,33.565
2017-01-06 13:34:01,33.565
2017-01-06 13:34:05,33.565
2017-01-06 13:34:06,33.565
2017-01-06 13:34:07,33.565
2017-01-06 13:34:09,33.565
2017-01-06 13:34:10,33.565
2017-01-06 13:34:12,33.565
2017-01-06 13:34:16,33.565
2017-01-06 13:34:19,33.565
2017-01-06 13:34:20,33.565
2017-01-06 13:34:21,33.555
2017-01-06 13:34:22,33.555
2017-01-06 13:34:23,33.555
2017-01-06 13:34:24,33.555
2017-01-06 13:34:25,33.555
2017-01-06 13:34:26,33.555
2017-01-06 13:34:27,33.555
2017-01-06 13:34:28,33.555
2017-01-06 13:34:29,33.555
2017-01-06 13:34:30,33.555
2017-01-06 13:34:31,33.555
2017-01-06 13:34:32,33.555
2017-01-06 13:34:33,33.555
2017-01-06 13:34:34,33.555
2017-01-06 13:34:35,33.555
2017-01-06 13:34:36,33.555
2017-01-06 13:34:37,33.555
2017-01-06 13:34:38,33.555
2017-01-06 13:34:39,33.555
2017-01-06 13:34:40,33.555
2017-01-06 13:34:41,33.555
2017-01-06 13:34:43,33.555
2017-01-06 13:34:44,33.555
2017-01-06 13:34:46,33.555
2017-01-06 13:34:47,33.555
2017-01-06 13:34:48,33.555
2017-01-06 13:34:49,33.555
2017-01-06 13:34:51,33.555
2017-01-06 13:34:52,33.555
2017-01-06 13:34:54,33.555
2017-01-06 13:34:56,33.555
2017-01-06 13:34:57,33.555
2017-01-06 13:34:58,33.555
2017-01-06 13:34:59,33.555
2017-01-06 13:35:00,33.555
2017-01-06 13:35:01,33.555
2017-01-06 13:35:03,33.555
2017-01-06 13:35:05,33.555
2017-01-06 13:35:06,33.555
2017-01-06 13:35:07,33.555
2017-01-06 13:35:08,33.555
2017-01-06 13:35:10,33.555
2017-01-06 13:35:11,33.565
2017-01-06 13:35:12,33.565
2017-01-06 13:35:13,33.565
2017-01-06 13:35:14,33.565
2017-01-06 13:35:15,33.565
2017-01-06 13:35:16,33.565
2017-01-06 13:35:17,33.565
2017-01-06 13:35:18,33.565
2017-01-06 13:35:20,33.565
2017-01-06 13:35:21,33.565
2017-01-06 13:35:23,33.565
2017-01-06 13:35:24,33.565
2017-01-06 13:35:25,33.565
2017-01-06 13:35:26,33.555
2017-01-06 13:35:27,33.555
2017-01-06 13:35:28,33.555
2017-01-06 13:35:29,33.555
2017-01-06 13:35:30,33.555
2017-01-06 13:35:31,33.555
2017-01-06 13:35:32,33.555
2017-01-06 13:35:33,33.555
2017-01-06 13:35:34,33.555
2017-01-06 13:35:35,33.555
2017-01-06 13:35:36,33.555
2017-01-06 13:35:37,33.555
2017-01-06 13:35:38,33.555
2017-01-06 13:35:39,33.555
2017-01-06 13:35:40,33.555
2017-01-06 13:35:41,33.555
2017-01-06 13:35:42,33.555
2017-01-06 13:35:43,33.555
2017-01-06 13:35:44,33.555
2017-01-06 13:35:45,33.555
2017-01-06 13:35:46,33.555
2017-01-06 13:35:47,33.555
2017-01-06 13:35:48,33.555
2017-01-06 13:35:49,33.555
2017-01-06 13:35:51,33.555
2017-01-06 13:35:52,33.555
2017-01-06 13:35:53,33.555
2017-01-06 13:35:55,33.555
2017-01-06 13:35:56,33.555
2017-01-06 13:35:57,33.555
2017-01-06 13:35:58,33.555
2017-01-06 13:36:01,33.555
2017-01-06 13:36:03,33.555
2017-01-06 13:36:04,33.555
2017-01-06 13:36:05,33.555
2017-01-06 13:36:06,33.555
2017-01-06 13:36:10,33.555
2017-01-06 13:36:12,33.555
2017-01-06 13:36:14,33.555
2017-01-06 13:36:16,33.555
2017-01-06 13:36:17,33.555
2017-01-06 13:36:20,33.555
2017-01-06 13:36:21,33.555
2017-01-06 13:36:22,33.555
2017-01-06 13:36:26,33.555
2017-01-06 13:36:27,33.555
2017-01-06 13:36:28,33.555
2017-01-06 13:36:29,33.555
2017-01-06 13:36:30,33.555
2017-01-06 13:36:31,33.555
2017-01-06 13:36:32,33.555
2017-01-06 13:36:33,33.555
2017-01-06 13:36:34,33.555
2017-01-06 13:36:35,33.555
2017-01-06 13:36:36,33.555
2017-01-06 13:36:37,33.555
2017-01-06 13:36:40,33.555
2017-01-06 13:36:43,33.555
2017-01-06 13:36:44,33.555
2017-01-06 13:36:46,33.555
2017-01-06 13:36:47,33.555
2017-01-06 13:36:48,33.555
2017-01-06 13:36:49,33.555
2017-01-06 13:36:51,33.555
2017-01-06 13:36:52,33.555
2017-01-06 13:36:53,33.555
2017-01-06 13:36:54,33.555
2017-01-06 13:36:56,33.555
2017-01-06 13:36:57,33.555
2017-01-06 13:36:58,33.555
2017-01-06 13:36:59,33.555
2017-01-06 13:37:00,33.555
2017-01-06 13:37:01,33.555
2017-01-06 13:37:03,33.555
2017-01-06 13:37:04,33.555
2017-01-06 13:37:05,33.555
2017-01-06 13:37:06,33.555
2017-01-06 13:37:07,33.555
2017-01-06 13:37:08,33.555
2017-01-06 13:37:09,33.555
2017-01-06 13:37:10,33.555
2017-01-06 13:37:13,33.555
2017-01-06 13:37:14,33.555
2017-01-06 13:37:15,33.555
2017-01-06 13:37:16,33.555
2017-01-06 13:37:17,33.555
2017-01-06 13:37:19,33.555
2017-01-06 13:37:25,33.555
2017-01-06 13:37:26,33.555
2017-01-06 13:37:27,33.555
2017-01-06 13:37:28,33.555
2017-01-06 13:37:29,33.555
2017-01-06 13:37:30,33.555
2017-01-06 13:37:37,33.555
2017-01-06 13:37:38,33.555
2017-01-06 13:37:39,33.555
2017-01-06 13:37:41,33.555
2017-01-06 13:37:42,33.555
2017-01-06 13:37:43,33.555
2017-01-06 13:37:44,33.555
2017-01-06 13:37:45,33.555
2017-01-06 13:37:46,33.555
2017-01-06 13:37:47,33.555
2017-01-06 13:37:49,33.555
2017-01-06 13:37:52,33.555
2017-01-06 13:37:53,33.555
2017-01-06 13:37:54,33.555
2017-01-06 13:37:59,33.555
2017-01-06 13:38:01,33.555
2017-01-06 13:38:04,33.555
2017-01-06 13:38:15,33.555
2017-01-06 13:38:22,33.555
2017-01-06 13:38:24,33.555
2017-01-06 13:38:26,33.555
2017-01-06 13:38:27,33.555
2017-01-06 13:38:30,33.555
2017-01-06 13:38:31,33.555
2017-01-06 13:38:32,33.555
2017-01-06 13:38:34,33.555
2017-01-06 13:38:35,33.555
2017-01-06 13:38:36,33.555
2017-01-06 13:38:37,33.555
2017-01-06 13:38:38,33.555
2017-01-06 13:38:39,33.555
2017-01-06 13:38:40,33.555
2017-01-06 13:38:41,33.555
2017-01-06 13:38:43,33.555
2017-01-06 13:38:44,33.555
2017-01-06 13:38:45,33.555
2017-01-06 13:38:46,33.555
2017-01-06 13:38:49,33.555
2017-01-06 13:38:50,33.555
2017-01-06 13:38:51,33.555
2017-01-06 13:38:52,33.555
2017-01-06 13:38:53,33.555
2017-01-06 13:38:54,33.555
2017-01-06 13:38:55,33.555
2017-01-06 13:39:00,33.555
2017-01-06 13:39:01,33.555
2017-01-06 13:39:02,33.555
2017-01-06 13:39:03,33.555
2017-01-06 13:39:05,33.555
2017-01-06 13:39:06,33.555
2017-01-06 13:39:09,33.555
2017-01-06 13:39:10,33.555
2017-01-06 13:39:11,33.555
2017-01-06 13:39:13,33.555
2017-01-06 13:39:15,33.555
2017-01-06 13:39:17,33.555
2017-01-06 13:39:18,33.555
2017-01-06 13:39:19,33.555
2017-01-06 13:39:21,33.555
2017-01-06 13:39:24,33.555
2017-01-06 13:39:26,33.555
2017-01-06 13:39:27,33.555
2017-01-06 13:39:28,33.555
2017-01-06 13:39:29,33.555
2017-01-06 13:39:30,33.555
2017-01-06 13:39:31,33.555
2017-01-06 13:39:33,33.555
2017-01-06 13:39:34,33.565
2017-01-06 13:39:35,33.565
2017-01-06 13:39:36,33.565
2017-01-06 13:39:37,33.565
2017-01-06 13:39:38,33.565
2017-01-06 13:39:40,33.565
2017-01-06 13:39:42,33.565
2017-01-06 13:39:43,33.565
2017-01-06 13:39:44,33.565
2017-01-06 13:39:45,33.565
2017-01-06 13:39:46,33.565
2017-01-06 13:39:47,33.565
2017-01-06 13:39:48,33.565
2017-01-06 13:39:49,33.565
2017-01-06 13:39:50,33.565
2017-01-06 13:39:51,33.565
2017-01-06 13:39:52,33.565
2017-01-06 13:39:53,33.565
2017-01-06 13:39:54,33.565
2017-01-06 13:39:57,33.565
2017-01-06 13:39:58,33.565
2017-01-06 13:39:59,33.565
2017-01-06 13:40:00,33.565
2017-01-06 13:40:01,33.565
2017-01-06 13:40:03,33.565
2017-01-06 13:40:06,33.565
2017-01-06 13:40:07,33.565
2017-01-06 13:40:08,33.565
2017-01-06 13:40:09,33.565
2017-01-06 13:40:10,33.565
2017-01-06 13:40:12,33.565
2017-01-06 13:40:13,33.565
2017-01-06 13:40:14,33.565
2017-01-06 13:40:15,33.565
2017-01-06 13:40:16,33.565
2017-01-06 13:40:18,33.565
2017-01-06 13:40:21,33.565
2017-01-06 13:40:22,33.565
2017-01-06 13:40:23,33.565
2017-01-06 13:40:25,33.565
2017-01-06 13:40:27,33.565
2017-01-06 13:40:29,33.565
2017-01-06 13:40:30,33.565
2017-01-06 13:40:31,33.565
2017-01-06 13:40:32,33.565
2017-01-06 13:40:33,33.565
2017-01-06 13:40:34,33.565
2017-01-06 13:40:35,33.565
2017-01-06 13:40:36,33.565
2017-01-06 13:40:37,33.565
2017-01-06 13:40:38,33.555
2017-01-06 13:40:39,33.555
2017-01-06 13:40:40,33.555
2017-01-06 13:40:41,33.555
2017-01-06 13:40:42,33.555
2017-01-06 13:40:44,33.555
2017-01-06 13:40:45,33.555
2017-01-06 13:40:46,33.555
2017-01-06 13:40:47,33.555
2017-01-06 13:40:48,33.555
2017-01-06 13:40:49,33.555
2017-01-06 13:40:50,33.555
2017-01-06 13:40:51,33.555
2017-01-06 13:40:52,33.555
2017-01-06 13:40:53,33.555
2017-01-06 13:40:54,33.555
2017-01-06 13:40:55,33.555
2017-01-06 13:40:56,33.555
2017-01-06 13:40:57,33.555
2017-01-06 13:40:58,33.555
2017-01-06 13:41:00,33.555
2017-01-06 13:41:02,33.555
2017-01-06 13:41:03,33.555
2017-01-06 13:41:04,33.555
2017-01-06 13:41:05,33.555
2017-01-06 13:41:08,33.555
2017-01-06 13:41:09,33.555
2017-01-06 13:41:10,33.555
2017-01-06 13:41:12,33.555
2017-01-06 13:41:13,33.555
2017-01-06 13:41:14,33.565
2017-01-06 13:41:15,33.565
2017-01-06 13:41:16,33.565
2017-01-06 13:41:17,33.565
2017-01-06 13:41:18,33.565
2017-01-06 13:41:19,33.565
2017-01-06 13:41:20,33.565
2017-01-06 13:41:21,33.555
2017-01-06 13:41:22,33.555
2017-01-06 13:41:23,33.555
2017-01-06 13:41:24,33.555
2017-01-06 13:41:27,33.555
2017-01-06 13:41:29,33.555
2017-01-06 13:41:31,33.555
2017-01-06 13:41:34,33.555
2017-01-06 13:41:36,33.555
2017-01-06 13:41:37,33.555
2017-01-06 13:41:38,33.555
2017-01-06 13:41:39,33.555
2017-01-06 13:41:40,33.555
2017-01-06 13:41:41,33.555
2017-01-06 13:41:42,33.555
2017-01-06 13:41:43,33.555
2017-01-06 13:41:46,33.555
2017-01-06 13:41:48,33.555
2017-01-06 13:41:50,33.555
2017-01-06 13:41:52,33.555
2017-01-06 13:41:53,33.555
2017-01-06 13:41:54,33.555
2017-01-06 13:41:56,33.555
2017-01-06 13:41:57,33.555
2017-01-06 13:41:58,33.555
2017-01-06 13:41:59,33.555
2017-01-06 13:42:00,33.555
2017-01-06 13:42:01,33.555
2017-01-06 13:42:03,33.545
2017-01-06 13:42:04,33.545
2017-01-06 13:42:05,33.545
2017-01-06 13:42:06,33.545
2017-01-06 13:42:07,33.545
2017-01-06 13:42:08,33.545
2017-01-06 13:42:10,33.545
2017-01-06 13:42:11,33.545
2017-01-06 13:42:12,33.545
2017-01-06 13:42:13,33.545
2017-01-06 13:42:14,33.545
2017-01-06 13:42:16,33.545
2017-01-06 13:42:17,33.545
2017-01-06 13:42:18,33.545
2017-01-06 13:42:20,33.545
2017-01-06 13:42:22,33.545
2017-01-06 13:42:23,33.545
2017-01-06 13:42:25,33.545
2017-01-06 13:42:28,33.545
2017-01-06 13:42:29,33.545
2017-01-06 13:42:30,33.545
2017-01-06 13:42:32,33.545
2017-01-06 13:42:34,33.545
2017-01-06 13:42:35,33.545
2017-01-06 13:42:36,33.545
2017-01-06 13:42:38,33.545
2017-01-06 13:42:39,33.545
2017-01-06 13:42:40,33.555
2017-01-06 13:42:41,33.555
2017-01-06 13:42:42,33.555
2017-01-06 13:42:43,33.555
2017-01-06 13:42:44,33.555
2017-01-06 13:42:45,33.555
2017-01-06 13:42:46,33.555
2017-01-06 13:42:47,33.555
2017-01-06 13:42:48,33.555
2017-01-06 13:42:49,33.555
2017-01-06 13:42:50,33.555
2017-01-06 13:42:52,33.555
2017-01-06 13:42:53,33.555
2017-01-06 13:42:54,33.555
2017-01-06 13:42:56,33.555
2017-01-06 13:42:57,33.555
2017-01-06 13:42:58,33.555
2017-01-06 13:43:03,33.555
2017-01-06 13:43:04,33.555
2017-01-06 13:43:05,33.555
2017-01-06 13:43:14,33.555
2017-01-06 13:43:17,33.555
2017-01-06 13:43:21,33.555
2017-01-06 13:43:22,33.555
2017-01-06 13:43:24,33.555
2017-01-06 13:43:28,33.555
2017-01-06 13:43:29,33.555
2017-01-06 13:43:30,33.555
2017-01-06 13:43:31,33.555
2017-01-06 13:43:32,33.555
2017-01-06 13:43:34,33.555
2017-01-06 13:43:36,33.555
2017-01-06 13:43:37,33.555
2017-01-06 13:43:38,33.555
2017-01-06 13:43:39,33.555
2017-01-06 13:43:40,33.555
2017-01-06 13:43:41,33.555
2017-01-06 13:43:44,33.555
2017-01-06 13:43:45,33.555
2017-01-06 13:43:46,33.555
2017-01-06 13:43:47,33.565
2017-01-06 13:43:48,33.565
2017-01-06 13:43:49,33.565
2017-01-06 13:43:50,33.565
2017-01-06 13:43:51,33.555
2017-01-06 13:43:52,33.555
2017-01-06 13:43:53,33.555
2017-01-06 13:43:55,33.555
2017-01-06 13:43:56,33.555
2017-01-06 13:43:57,33.555
2017-01-06 13:43:59,33.555
2017-01-06 13:44:01,33.555
2017-01-06 13:44:02,33.555
2017-01-06 13:44:03,33.555
2017-01-06 13:44:04,33.555
2017-01-06 13:44:05,33.555
2017-01-06 13:44:06,33.555
2017-01-06 13:44:07,33.555
2017-01-06 13:44:08,33.555
2017-01-06 13:44:09,33.555
2017-01-06 13:44:10,33.555
2017-01-06 13:44:13,33.555
2017-01-06 13:44:15,33.555
2017-01-06 13:44:16,33.555
2017-01-06 13:44:18,33.555
2017-01-06 13:44:19,33.565
2017-01-06 13:44:20,33.565
2017-01-06 13:44:21,33.565
2017-01-06 13:44:22,33.565
2017-01-06 13:44:23,33.565
2017-01-06 13:44:24,33.565
2017-01-06 13:44:25,33.565
2017-01-06 13:44:26,33.565
2017-01-06 13:44:27,33.565
2017-01-06 13:44:28,33.565
2017-01-06 13:44:29,33.565
2017-01-06 13:44:30,33.565
2017-01-06 13:44:31,33.565
2017-01-06 13:44:32,33.565
2017-01-06 13:44:33,33.565
2017-01-06 13:44:34,33.565
2017-01-06 13:44:35,33.565
2017-01-06 13:44:37,33.565
2017-01-06 13:44:38,33.565
2017-01-06 13:44:39,33.565
2017-01-06 13:44:40,33.565
2017-01-06 13:44:43,33.565
2017-01-06 13:44:45,33.565
2017-01-06 13:44:47,33.565
2017-01-06 13:44:48,33.565
2017-01-06 13:44:49,33.565
2017-01-06 13:44:52,33.565
2017-01-06 13:44:53,33.565
2017-01-06 13:44:54,33.565
2017-01-06 13:44:55,33.565
2017-01-06 13:44:56,33.565
2017-01-06 13:44:59,33.565
2017-01-06 13:45:00,33.565
2017-01-06 13:45:01,33.565
2017-01-06 13:45:03,33.565
2017-01-06 13:45:05,33.565
2017-01-06 13:45:06,33.565
2017-01-06 13:45:09,33.565
2017-01-06 13:45:10,33.565
2017-01-06 13:45:11,33.565
2017-01-06 13:45:12,33.565
2017-01-06 13:45:13,33.565
2017-01-06 13:45:14,33.565
2017-01-06 13:45:15,33.565
2017-01-06 13:45:17,33.565
2017-01-06 13:45:18,33.565
2017-01-06 13:45:19,33.565
2017-01-06 13:45:20,33.565
2017-01-06 13:45:22,33.565
2017-01-06 13:45:23,33.565
2017-01-06 13:45:24,33.565
2017-01-06 13:45:26,33.565
2017-01-06 13:45:27,33.565
2017-01-06 13:45:28,33.565
2017-01-06 13:45:29,33.565
2017-01-06 13:45:30,33.565
2017-01-06 13:45:31,33.565
2017-01-06 13:45:32,33.565
2017-01-06 13:45:33,33.565
2017-01-06 13:45:34,33.565
2017-01-06 13:45:35,33.565
2017-01-06 13:45:36,33.565
2017-01-06 13:45:38,33.565
2017-01-06 13:45:39,33.565
2017-01-06 13:45:40,33.565
2017-01-06 13:45:41,33.565
2017-01-06 13:45:42,33.565
2017-01-06 13:45:43,33.565
2017-01-06 13:45:44,33.565
2017-01-06 13:45:45,33.565
2017-01-06 13:45:46,33.565
2017-01-06 13:45:48,33.565
2017-01-06 13:45:49,33.565
2017-01-06 13:45:51,33.565
2017-01-06 13:45:53,33.565
2017-01-06 13:45:54,33.565
2017-01-06 13:45:56,33.565
2017-01-06 13:45:57,33.565
2017-01-06 13:45:59,33.565
2017-01-06 13:46:00,33.565
2017-01-06 13:46:01,33.565
2017-01-06 13:46:02,33.565
2017-01-06 13:46:04,33.565
2017-01-06 13:46:05,33.565
2017-01-06 13:46:06,33.565
2017-01-06 13:46:07,33.565
2017-01-06 13:46:09,33.565
2017-01-06 13:46:11,33.565
2017-01-06 13:46:12,33.565
2017-01-06 13:46:15,33.565
2017-01-06 13:46:16,33.565
2017-01-06 13:46:17,33.565
2017-01-06 13:46:19,33.565
2017-01-06 13:46:20,33.565
2017-01-06 13:46:21,33.565
2017-01-06 13:46:22,33.565
2017-01-06 13:46:23,33.565
2017-01-06 13:46:24,33.565
2017-01-06 13:46:25,33.565
2017-01-06 13:46:26,33.565
2017-01-06 13:46:27,33.565
2017-01-06 13:46:28,33.565
2017-01-06 13:46:29,33.565
2017-01-06 13:46:30,33.565
2017-01-06 13:46:31,33.565
2017-01-06 13:46:32,33.565
2017-01-06 13:46:34,33.565
2017-01-06 13:46:35,33.565
2017-01-06 13:46:36,33.565
2017-01-06 13:46:37,33.565
2017-01-06 13:46:39,33.565
2017-01-06 13:46:40,33.565
2017-01-06 13:46:41,33.565
2017-01-06 13:46:42,33.565
2017-01-06 13:46:43,33.565
2017-01-06 13:46:44,33.565
2017-01-06 13:46:45,33.565
2017-01-06 13:46:46,33.565
2017-01-06 13:46:47,33.565
2017-01-06 13:46:48,33.565
2017-01-06 13:46:49,33.565
2017-01-06 13:46:50,33.565
2017-01-06 13:46:51,33.565
2017-01-06 13:46:52,33.565
2017-01-06 13:46:53,33.565
2017-01-06 13:46:54,33.565
2017-01-06 13:46:55,33.565
2017-01-06 13:46:58,33.565
2017-01-06 13:46:59,33.565
2017-01-06 13:47:00,33.565
2017-01-06 13:47:01,33.565
2017-01-06 13:47:02,33.565
2017-01-06 13:47:03,33.565
2017-01-06 13:47:04,33.565
2017-01-06 13:47:05,33.565
2017-01-06 13:47:06,33.565
2017-01-06 13:47:08,33.565
2017-01-06 13:47:09,33.565
2017-01-06 13:47:10,33.565
2017-01-06 13:47:11,33.565
2017-01-06 13:47:12,33.565
2017-01-06 13:47:14,33.565
2017-01-06 13:47:15,33.565
2017-01-06 13:47:16,33.565
2017-01-06 13:47:18,33.565
2017-01-06 13:47:19,33.565
2017-01-06 13:47:20,33.565
2017-01-06 13:47:22,33.565
2017-01-06 13:47:23,33.565
2017-01-06 13:47:25,33.565
2017-01-06 13:47:27,33.565
2017-01-06 13:47:29,33.565
2017-01-06 13:47:34,33.565
2017-01-06 13:47:38,33.565
2017-01-06 13:47:39,33.565
2017-01-06 13:47:43,33.565
2017-01-06 13:47:44,33.565
2017-01-06 13:47:46,33.565
2017-01-06 13:47:48,33.565
2017-01-06 13:47:51,33.565
2017-01-06 13:47:52,33.565
2017-01-06 13:47:53,33.565
2017-01-06 13:47:57,33.565
2017-01-06 13:47:58,33.565
2017-01-06 13:47:59,33.565
2017-01-06 13:48:00,33.565
2017-01-06 13:48:02,33.565
2017-01-06 13:48:04,33.565
2017-01-06 13:48:08,33.565
2017-01-06 13:48:09,33.565
2017-01-06 13:48:11,33.565
2017-01-06 13:48:13,33.565
2017-01-06 13:48:14,33.565
2017-01-06 13:48:15,33.565
2017-01-06 13:48:16,33.565
2017-01-06 13:48:20,33.565
2017-01-06 13:48:23,33.565
2017-01-06 13:48:24,33.565
2017-01-06 13:48:25,33.565
2017-01-06 13:48:26,33.565
2017-01-06 13:48:27,33.565
2017-01-06 13:48:28,33.565
2017-01-06 13:48:29,33.565
2017-01-06 13:48:30,33.565
2017-01-06 13:48:31,33.565
2017-01-06 13:48:32,33.565
2017-01-06 13:48:33,33.565
2017-01-06 13:48:34,33.565
2017-01-06 13:48:35,33.565
2017-01-06 13:48:36,33.565
2017-01-06 13:48:37,33.565
2017-01-06 13:48:38,33.565
2017-01-06 13:48:40,33.565
2017-01-06 13:48:41,33.565
2017-01-06 13:48:42,33.565
2017-01-06 13:48:43,33.565
2017-01-06 13:48:44,33.565
2017-01-06 13:48:45,33.565
2017-01-06 13:48:46,33.565
2017-01-06 13:48:47,33.565
2017-01-06 13:48:49,33.565
2017-01-06 13:48:50,33.565
2017-01-06 13:48:51,33.565
2017-01-06 13:48:52,33.565
2017-01-06 13:48:53,33.565
2017-01-06 13:48:54,33.565
2017-01-06 13:48:56,33.565
2017-01-06 13:48:57,33.565
2017-01-06 13:48:58,33.565
2017-01-06 13:48:59,33.565
2017-01-06 13:49:00,33.565
2017-01-06 13:49:01,33.565
2017-01-06 13:49:02,33.565
2017-01-06 13:49:03,33.565
2017-01-06 13:49:04,33.565
2017-01-06 13:49:05,33.565
2017-01-06 13:49:06,33.565
2017-01-06 13:49:07,33.565
2017-01-06 13:49:08,33.565
2017-01-06 13:49:09,33.565
2017-01-06 13:49:11,33.565
2017-01-06 13:49:12,33.565
2017-01-06 13:49:13,33.565
2017-01-06 13:49:15,33.565
2017-01-06 13:49:16,33.565
2017-01-06 13:49:17,33.565
2017-01-06 13:49:18,33.565
2017-01-06 13:49:19,33.565
2017-01-06 13:49:20,33.565
2017-01-06 13:49:21,33.565
2017-01-06 13:49:22,33.565
2017-01-06 13:49:23,33.565
2017-01-06 13:49:24,33.565
2017-01-06 13:49:28,33.565
2017-01-06 13:49:29,33.565
2017-01-06 13:49:30,33.565
2017-01-06 13:49:31,33.565
2017-01-06 13:49:32,33.565
2017-01-06 13:49:34,33.565
2017-01-06 13:49:36,33.565
2017-01-06 13:49:40,33.565
2017-01-06 13:49:45,33.565
2017-01-06 13:49:46,33.565
2017-01-06 13:49:47,33.565
2017-01-06 13:49:48,33.565
2017-01-06 13:49:50,33.565
2017-01-06 13:49:51,33.565
2017-01-06 13:49:52,33.565
2017-01-06 13:49:53,33.565
2017-01-06 13:49:54,33.565
2017-01-06 13:49:56,33.565
2017-01-06 13:49:57,33.565
2017-01-06 13:49:58,33.565
2017-01-06 13:50:00,33.565
2017-01-06 13:50:01,33.565
2017-01-06 13:50:03,33.565
2017-01-06 13:50:04,33.565
2017-01-06 13:50:05,33.565
2017-01-06 13:50:06,33.565
2017-01-06 13:50:07,33.565
2017-01-06 13:50:08,33.565
2017-01-06 13:50:09,33.565
2017-01-06 13:50:10,33.565
2017-01-06 13:50:11,33.565
2017-01-06 13:50:14,33.565
2017-01-06 13:50:15,33.565
2017-01-06 13:50:16,33.565
2017-01-06 13:50:17,33.565
2017-01-06 13:50:19,33.565
2017-01-06 13:50:20,33.565
2017-01-06 13:50:22,33.565
2017-01-06 13:50:23,33.565
2017-01-06 13:50:24,33.565
2017-01-06 13:50:25,33.565
2017-01-06 13:50:26,33.565
2017-01-06 13:50:27,33.565
2017-01-06 13:50:28,33.565
2017-01-06 13:50:30,33.565
2017-01-06 13:50:31,33.565
2017-01-06 13:50:32,33.565
2017-01-06 13:50:34,33.565
2017-01-06 13:50:36,33.565
2017-01-06 13:50:37,33.565
2017-01-06 13:50:38,33.565
2017-01-06 13:50:39,33.565
2017-01-06 13:50:40,33.565
2017-01-06 13:50:42,33.565
2017-01-06 13:50:43,33.565
2017-01-06 13:50:45,33.565
2017-01-06 13:50:46,33.565
2017-01-06 13:50:47,33.565
2017-01-06 13:50:50,33.565
2017-01-06 13:50:51,33.565
2017-01-06 13:50:53,33.565
2017-01-06 13:50:54,33.565
2017-01-06 13:50:55,33.565
2017-01-06 13:50:56,33.565
2017-01-06 13:50:57,33.565
2017-01-06 13:50:58,33.565
2017-01-06 13:50:59,33.565
2017-01-06 13:51:00,33.565
2017-01-06 13:51:01,33.565
2017-01-06 13:51:02,33.575
2017-01-06 13:51:03,33.575
2017-01-06 13:51:04,33.575
2017-01-06 13:51:05,33.575
2017-01-06 13:51:06,33.575
2017-01-06 13:51:07,33.575
2017-01-06 13:51:08,33.575
2017-01-06 13:51:09,33.575
2017-01-06 13:51:10,33.575
2017-01-06 13:51:11,33.575
2017-01-06 13:51:12,33.575
2017-01-06 13:51:13,33.585
2017-01-06 13:51:14,33.585
2017-01-06 13:51:15,33.575
2017-01-06 13:51:16,33.575
2017-01-06 13:51:17,33.575
2017-01-06 13:51:18,33.575
2017-01-06 13:51:19,33.575
2017-01-06 13:51:20,33.585
2017-01-06 13:51:21,33.585
2017-01-06 13:51:22,33.585
2017-01-06 13:51:23,33.585
2017-01-06 13:51:24,33.585
2017-01-06 13:51:25,33.585
2017-01-06 13:51:27,33.585
2017-01-06 13:51:28,33.585
2017-01-06 13:51:30,33.585
2017-01-06 13:51:31,33.585
2017-01-06 13:51:32,33.585
2017-01-06 13:51:33,33.585
2017-01-06 13:51:34,33.585
2017-01-06 13:51:35,33.585
2017-01-06 13:51:36,33.585
2017-01-06 13:51:37,33.585
2017-01-06 13:51:38,33.585
2017-01-06 13:51:39,33.585
2017-01-06 13:51:40,33.585
2017-01-06 13:51:41,33.585
2017-01-06 13:51:42,33.585
2017-01-06 13:51:44,33.585
2017-01-06 13:51:45,33.585
2017-01-06 13:51:46,33.585
2017-01-06 13:51:47,33.585
2017-01-06 13:51:48,33.585
2017-01-06 13:51:50,33.585
2017-01-06 13:51:52,33.585
2017-01-06 13:51:53,33.585
2017-01-06 13:51:54,33.585
2017-01-06 13:51:57,33.585
2017-01-06 13:51:58,33.585
2017-01-06 13:51:59,33.585
2017-01-06 13:52:01,33.585
2017-01-06 13:52:02,33.585
2017-01-06 13:52:03,33.585
2017-01-06 13:52:05,33.585
2017-01-06 13:52:06,33.585
2017-01-06 13:52:10,33.585
2017-01-06 13:52:12,33.585
2017-01-06 13:52:13,33.585
2017-01-06 13:52:14,33.585
2017-01-06 13:52:15,33.585
2017-01-06 13:52:16,33.585
2017-01-06 13:52:17,33.585
2017-01-06 13:52:21,33.585
2017-01-06 13:52:24,33.585
2017-01-06 13:52:25,33.585
2017-01-06 13:52:26,33.585
2017-01-06 13:52:27,33.585
2017-01-06 13:52:28,33.585
2017-01-06 13:52:32,33.585
2017-01-06 13:52:33,33.585
2017-01-06 13:52:34,33.585
2017-01-06 13:52:40,33.585
2017-01-06 13:52:41,33.585
2017-01-06 13:52:43,33.585
2017-01-06 13:52:44,33.585
2017-01-06 13:52:45,33.585
2017-01-06 13:52:47,33.585
2017-01-06 13:52:48,33.575
2017-01-06 13:52:49,33.575
2017-01-06 13:52:50,33.575
2017-01-06 13:52:52,33.575
2017-01-06 13:52:53,33.575
2017-01-06 13:52:54,33.575
2017-01-06 13:52:55,33.575
2017-01-06 13:52:56,33.575
2017-01-06 13:52:57,33.575
2017-01-06 13:52:58,33.575
2017-01-06 13:53:00,33.575
2017-01-06 13:53:01,33.575
2017-01-06 13:53:02,33.575
2017-01-06 13:53:03,33.575
2017-01-06 13:53:04,33.575
2017-01-06 13:53:06,33.575
2017-01-06 13:53:08,33.575
2017-01-06 13:53:10,33.575
2017-01-06 13:53:11,33.575
2017-01-06 13:53:15,33.575
2017-01-06 13:53:16,33.575
2017-01-06 13:53:17,33.575
2017-01-06 13:53:18,33.575
2017-01-06 13:53:19,33.575
2017-01-06 13:53:20,33.575
2017-01-06 13:53:21,33.575
2017-01-06 13:53:22,33.575
2017-01-06 13:53:23,33.575
2017-01-06 13:53:24,33.575
2017-01-06 13:53:25,33.575
2017-01-06 13:53:27,33.575
2017-01-06 13:53:29,33.575
2017-01-06 13:53:30,33.575
2017-01-06 13:53:31,33.575
2017-01-06 13:53:32,33.575
2017-01-06 13:53:33,33.575
2017-01-06 13:53:35,33.575
2017-01-06 13:53:36,33.575
2017-01-06 13:53:37,33.575
2017-01-06 13:53:40,33.575
2017-01-06 13:53:41,33.575
2017-01-06 13:53:42,33.575
2017-01-06 13:53:43,33.575
2017-01-06 13:53:46,33.575
2017-01-06 13:53:47,33.575
2017-01-06 13:53:48,33.575
2017-01-06 13:53:49,33.575
2017-01-06 13:53:50,33.575
2017-01-06 13:53:51,33.575
2017-01-06 13:53:53,33.575
2017-01-06 13:53:54,33.575
2017-01-06 13:53:55,33.575
2017-01-06 13:53:56,33.575
2017-01-06 13:53:57,33.575
2017-01-06 13:53:59,33.575
2017-01-06 13:54:00,33.575
2017-01-06 13:54:01,33.575
2017-01-06 13:54:02,33.575
2017-01-06 13:54:04,33.575
2017-01-06 13:54:05,33.575
2017-01-06 13:54:06,33.575
2017-01-06 13:54:07,33.575
2017-01-06 13:54:08,33.575
2017-01-06 13:54:09,33.575
2017-01-06 13:54:11,33.575
2017-01-06 13:54:13,33.575
2017-01-06 13:54:14,33.575
2017-01-06 13:54:15,33.575
2017-01-06 13:54:16,33.575
2017-01-06 13:54:17,33.575
2017-01-06 13:54:19,33.575
2017-01-06 13:54:21,33.575
2017-01-06 13:54:22,33.575
2017-01-06 13:54:23,33.575
2017-01-06 13:54:24,33.575
2017-01-06 13:54:25,33.575
2017-01-06 13:54:26,33.575
2017-01-06 13:54:29,33.575
2017-01-06 13:54:30,33.575
2017-01-06 13:54:31,33.575
2017-01-06 13:54:32,33.575
2017-01-06 13:54:33,33.575
2017-01-06 13:54:34,33.575
2017-01-06 13:54:36,33.575
2017-01-06 13:54:37,33.575
2017-01-06 13:54:38,33.575
2017-01-06 13:54:40,33.575
2017-01-06 13:54:41,33.575
2017-01-06 13:54:42,33.575
2017-01-06 13:54:43,33.575
2017-01-06 13:54:44,33.575
2017-01-06 13:54:46,33.575
2017-01-06 13:54:47,33.575
2017-01-06 13:54:48,33.575
2017-01-06 13:54:49,33.575
2017-01-06 13:54:50,33.575
2017-01-06 13:54:51,33.575
2017-01-06 13:54:52,33.575
2017-01-06 13:54:53,33.575
2017-01-06 13:54:54,33.575
2017-01-06 13:54:55,33.575
2017-01-06 13:54:56,33.575
2017-01-06 13:54:57,33.575
2017-01-06 13:54:59,33.575
2017-01-06 13:55:01,33.575
2017-01-06 13:55:02,33.575
2017-01-06 13:55:03,33.575
2017-01-06 13:55:04,33.575
2017-01-06 13:55:05,33.575
2017-01-06 13:55:06,33.575
2017-01-06 13:55:07,33.575
2017-01-06 13:55:08,33.575
2017-01-06 13:55:10,33.575
2017-01-06 13:55:11,33.575
2017-01-06 13:55:12,33.575
2017-01-06 13:55:13,33.575
2017-01-06 13:55:14,33.575
2017-01-06 13:55:15,33.575
2017-01-06 13:55:16,33.575
2017-01-06 13:55:17,33.575
2017-01-06 13:55:18,33.575
2017-01-06 13:55:21,33.575
2017-01-06 13:55:22,33.575
2017-01-06 13:55:23,33.575
2017-01-06 13:55:24,33.575
2017-01-06 13:55:25,33.575
2017-01-06 13:55:26,33.575
2017-01-06 13:55:27,33.575
2017-01-06 13:55:28,33.575
2017-01-06 13:55:30,33.575
2017-01-06 13:55:31,33.575
2017-01-06 13:55:32,33.575
2017-01-06 13:55:33,33.575
2017-01-06 13:55:35,33.575
2017-01-06 13:55:36,33.575
2017-01-06 13:55:37,33.585
2017-01-06 13:55:38,33.585
2017-01-06 13:55:39,33.585
2017-01-06 13:55:40,33.585
2017-01-06 13:55:41,33.585
2017-01-06 13:55:42,33.585
2017-01-06 13:55:43,33.585
2017-01-06 13:55:45,33.585
2017-01-06 13:55:46,33.585
2017-01-06 13:55:47,33.585
2017-01-06 13:55:48,33.585
2017-01-06 13:55:50,33.585
2017-01-06 13:55:51,33.585
2017-01-06 13:55:53,33.585
2017-01-06 13:56:00,33.585
2017-01-06 13:56:01,33.585
2017-01-06 13:56:02,33.585
2017-01-06 13:56:05,33.585
2017-01-06 13:56:06,33.585
2017-01-06 13:56:07,33.585
2017-01-06 13:56:08,33.575
2017-01-06 13:56:09,33.575
2017-01-06 13:56:10,33.575
2017-01-06 13:56:11,33.575
2017-01-06 13:56:12,33.575
2017-01-06 13:56:13,33.575
2017-01-06 13:56:14,33.575
2017-01-06 13:56:15,33.575
2017-01-06 13:56:16,33.575
2017-01-06 13:56:17,33.575
2017-01-06 13:56:19,33.575
2017-01-06 13:56:20,33.575
2017-01-06 13:56:21,33.575
2017-01-06 13:56:23,33.575
2017-01-06 13:56:25,33.575
2017-01-06 13:56:26,33.575
2017-01-06 13:56:27,33.575
2017-01-06 13:56:28,33.575
2017-01-06 13:56:29,33.585
2017-01-06 13:56:30,33.585
2017-01-06 13:56:31,33.585
2017-01-06 13:56:32,33.585
2017-01-06 13:56:34,33.585
2017-01-06 13:56:35,33.585
2017-01-06 13:56:36,33.585
2017-01-06 13:56:37,33.585
2017-01-06 13:56:38,33.585
2017-01-06 13:56:39,33.585
2017-01-06 13:56:40,33.585
2017-01-06 13:56:41,33.585
2017-01-06 13:56:42,33.585
2017-01-06 13:56:45,33.585
2017-01-06 13:56:46,33.595
2017-01-06 13:56:47,33.595
2017-01-06 13:56:48,33.595
2017-01-06 13:56:49,33.595
2017-01-06 13:56:50,33.595
2017-01-06 13:56:52,33.595
2017-01-06 13:56:53,33.595
2017-01-06 13:56:54,33.585
2017-01-06 13:56:55,33.585
2017-01-06 13:56:56,33.585
2017-01-06 13:56:57,33.585
2017-01-06 13:56:58,33.585
2017-01-06 13:57:00,33.585
2017-01-06 13:57:02,33.585
2017-01-06 13:57:03,33.585
2017-01-06 13:57:05,33.585
2017-01-06 13:57:06,33.585
2017-01-06 13:57:07,33.585
2017-01-06 13:57:10,33.585
2017-01-06 13:57:12,33.585
2017-01-06 13:57:13,33.585
2017-01-06 13:57:14,33.585
2017-01-06 13:57:15,33.585
2017-01-06 13:57:17,33.585
2017-01-06 13:57:18,33.585
2017-01-06 13:57:20,33.585
2017-01-06 13:57:23,33.585
2017-01-06 13:57:24,33.585
2017-01-06 13:57:25,33.585
2017-01-06 13:57:26,33.585
2017-01-06 13:57:27,33.585
2017-01-06 13:57:28,33.585
2017-01-06 13:57:29,33.585
2017-01-06 13:57:30,33.585
2017-01-06 13:57:31,33.585
2017-01-06 13:57:33,33.585
2017-01-06 13:57:35,33.575
2017-01-06 13:57:36,33.575
2017-01-06 13:57:37,33.575
2017-01-06 13:57:38,33.575
2017-01-06 13:57:39,33.575
2017-01-06 13:57:40,33.575
2017-01-06 13:57:41,33.575
2017-01-06 13:57:44,33.575
2017-01-06 13:57:45,33.575
2017-01-06 13:57:46,33.575
2017-01-06 13:57:47,33.575
2017-01-06 13:57:48,33.575
2017-01-06 13:57:49,33.575
2017-01-06 13:57:50,33.575
2017-01-06 13:57:51,33.575
2017-01-06 13:57:53,33.575
2017-01-06 13:57:54,33.575
2017-01-06 13:57:55,33.575
2017-01-06 13:57:56,33.575
2017-01-06 13:57:57,33.575
2017-01-06 13:57:58,33.575
2017-01-06 13:57:59,33.575
2017-01-06 13:58:00,33.575
2017-01-06 13:58:01,33.575
2017-01-06 13:58:02,33.575
2017-01-06 13:58:03,33.575
2017-01-06 13:58:04,33.575
2017-01-06 13:58:06,33.575
2017-01-06 13:58:07,33.575
2017-01-06 13:58:08,33.575
2017-01-06 13:58:17,33.575
2017-01-06 13:58:18,33.575
2017-01-06 13:58:19,33.565
2017-01-06 13:58:20,33.565
2017-01-06 13:58:21,33.565
2017-01-06 13:58:22,33.565
2017-01-06 13:58:23,33.565
2017-01-06 13:58:24,33.565
2017-01-06 13:58:25,33.565
2017-01-06 13:58:26,33.565
2017-01-06 13:58:27,33.565
2017-01-06 13:58:28,33.565
2017-01-06 13:58:29,33.565
2017-01-06 13:58:30,33.565
2017-01-06 13:58:34,33.565
2017-01-06 13:58:35,33.565
2017-01-06 13:58:36,33.565
2017-01-06 13:58:38,33.565
2017-01-06 13:58:39,33.565
2017-01-06 13:58:42,33.565
2017-01-06 13:58:44,33.565
2017-01-06 13:58:45,33.565
2017-01-06 13:58:46,33.565
2017-01-06 13:58:47,33.565
2017-01-06 13:58:48,33.565
2017-01-06 13:58:50,33.565
2017-01-06 13:58:52,33.565
2017-01-06 13:58:53,33.565
2017-01-06 13:58:54,33.565
2017-01-06 13:58:55,33.565
2017-01-06 13:58:56,33.565
2017-01-06 13:58:57,33.565
2017-01-06 13:58:58,33.565
2017-01-06 13:58:59,33.565
2017-01-06 13:59:00,33.565
2017-01-06 13:59:01,33.565
2017-01-06 13:59:03,33.565
2017-01-06 13:59:04,33.565
2017-01-06 13:59:05,33.565
2017-01-06 13:59:06,33.565
2017-01-06 13:59:07,33.565
2017-01-06 13:59:08,33.565
2017-01-06 13:59:10,33.565
2017-01-06 13:59:11,33.565
2017-01-06 13:59:16,33.565
2017-01-06 13:59:18,33.565
2017-01-06 13:59:20,33.565
2017-01-06 13:59:21,33.565
2017-01-06 13:59:22,33.565
2017-01-06 13:59:23,33.565
2017-01-06 13:59:24,33.565
2017-01-06 13:59:25,33.565
2017-01-06 13:59:26,33.565
2017-01-06 13:59:28,33.565
2017-01-06 13:59:29,33.575
2017-01-06 13:59:30,33.575
2017-01-06 13:59:31,33.575
2017-01-06 13:59:32,33.575
2017-01-06 13:59:35,33.575
2017-01-06 13:59:37,33.575
2017-01-06 13:59:38,33.575
2017-01-06 13:59:39,33.575
2017-01-06 13:59:40,33.575
2017-01-06 13:59:41,33.575
2017-01-06 13:59:42,33.575
2017-01-06 13:59:46,33.575
2017-01-06 13:59:49,33.575
2017-01-06 13:59:50,33.575
2017-01-06 13:59:51,33.575
2017-01-06 13:59:52,33.565
2017-01-06 13:59:53,33.565
2017-01-06 13:59:54,33.565
